date,price ($/MWh)
9/1/2021 0:00,43.46451
9/1/2021 0:05,44.123226
9/1/2021 0:10,45.65489
9/1/2021 0:15,44.48187
9/1/2021 0:20,44.357596
9/1/2021 0:25,44.483136
9/1/2021 0:30,44.098753
9/1/2021 0:35,44.098753
9/1/2021 0:40,43.776073
9/1/2021 0:45,44.321136
9/1/2021 0:50,44.354756
9/1/2021 0:55,45.174393
9/1/2021 1:00,49.594646
9/1/2021 1:05,51.464813
9/1/2021 1:10,52.21328
9/1/2021 1:15,50.576246
9/1/2021 1:20,50.813873
9/1/2021 1:25,50.79362
9/1/2021 1:30,50.45839
9/1/2021 1:35,49.82055
9/1/2021 1:40,49.82055
9/1/2021 1:45,48.04798
9/1/2021 1:50,48.924096
9/1/2021 1:55,47.45478
9/1/2021 2:00,48.547076
9/1/2021 2:05,46.809613
9/1/2021 2:10,46.37874
9/1/2021 2:15,47.49815
9/1/2021 2:20,45.97935
9/1/2021 2:25,45.97935
9/1/2021 2:30,44.806893
9/1/2021 2:35,44.78561
9/1/2021 2:40,44.775026
9/1/2021 2:45,44.344403
9/1/2021 2:50,44.256083
9/1/2021 2:55,44.256083
9/1/2021 3:00,45.91834
9/1/2021 3:05,45.847506
9/1/2021 3:10,47.760393
9/1/2021 3:15,48.518366
9/1/2021 3:20,47.01344
9/1/2021 3:25,48.024623
9/1/2021 3:30,46.76159
9/1/2021 3:35,46.331196
9/1/2021 3:40,46.331196
9/1/2021 3:45,46.331196
9/1/2021 4:20,48.337896
9/1/2021 4:25,49.03545
9/1/2021 4:30,43.393983
9/1/2021 4:35,41.44955
9/1/2021 4:40,42.136293
9/1/2021 4:45,43.634243
9/1/2021 4:50,43.498243
9/1/2021 4:55,43.19583
9/1/2021 5:00,41.418013
9/1/2021 5:05,41.094916
9/1/2021 5:10,41.418013
9/1/2021 5:15,42.264663
9/1/2021 5:20,42.929263
9/1/2021 5:25,44.330066
9/1/2021 5:30,50.4149
9/1/2021 5:35,51.034953
9/1/2021 5:40,55.208106
9/1/2021 5:45,56.403463
9/1/2021 5:50,56.403463
9/1/2021 5:55,55.210073
9/1/2021 6:00,49.047446
9/1/2021 6:05,49.047446
9/1/2021 6:10,49.00266
9/1/2021 6:15,50.472173
9/1/2021 6:20,52.045273
9/1/2021 6:25,53.556403
9/1/2021 6:30,53.938353
9/1/2021 6:35,55.244876
9/1/2021 6:40,56.383893
9/1/2021 6:45,52.535066
9/1/2021 6:50,53.716426
9/1/2021 6:55,52.77629
9/1/2021 7:00,60.027233
9/1/2021 7:05,59.19478
9/1/2021 7:10,53.767583
9/1/2021 7:15,53.58066
9/1/2021 7:20,50.509986
9/1/2021 7:25,49.39334
9/1/2021 7:30,49.059723
9/1/2021 7:35,47.887463
9/1/2021 7:40,43.719906
9/1/2021 7:45,42.96212
9/1/2021 7:50,41.255746
9/1/2021 7:55,42.399666
9/1/2021 8:00,44.246003
9/1/2021 8:05,45.798933
9/1/2021 8:10,43.792666
9/1/2021 8:15,43.093433
9/1/2021 8:20,43.29931
9/1/2021 8:25,42.485443
9/1/2021 8:30,39.793663
9/1/2021 8:35,39.793663
9/1/2021 8:40,37.695366
9/1/2021 8:45,37.307503
9/1/2021 8:50,37.307503
9/1/2021 8:55,36.78448
9/1/2021 9:00,43.43227
9/1/2021 9:05,44.91077
9/1/2021 9:10,45.497143
9/1/2021 9:15,44.904356
9/1/2021 9:20,46.0766
9/1/2021 9:25,45.75907
9/1/2021 9:30,45.24444
9/1/2021 9:35,45.791046
9/1/2021 9:40,45.365863
9/1/2021 9:45,44.811863
9/1/2021 9:50,44.258796
9/1/2021 9:55,43.417366
9/1/2021 10:00,45.865093
9/1/2021 10:05,46.34462
9/1/2021 10:10,46.976653
9/1/2021 10:15,49.577883
9/1/2021 10:20,47.4112
9/1/2021 10:25,45.98065
9/1/2021 10:30,44.526693
9/1/2021 10:35,42.132516
9/1/2021 10:40,43.109793
9/1/2021 10:45,42.989186
9/1/2021 10:50,39.986216
9/1/2021 10:55,37.8005
9/1/2021 11:00,35.715726
9/1/2021 11:05,35.715726
9/1/2021 11:10,35.33171
9/1/2021 11:15,34.29894
9/1/2021 11:20,34.90989
9/1/2021 11:25,35.376703
9/1/2021 11:30,36.220306
9/1/2021 11:35,36.869823
9/1/2021 11:40,36.407696
9/1/2021 11:45,35.56465
9/1/2021 11:50,35.786463
9/1/2021 11:55,35.966263
9/1/2021 12:00,35.02366
9/1/2021 12:05,34.430203
9/1/2021 12:10,33.771906
9/1/2021 12:15,32.470266
9/1/2021 12:20,31.162943
9/1/2021 12:25,31.829463
9/1/2021 12:30,32.636823
9/1/2021 12:35,32.458426
9/1/2021 12:40,32.54756
9/1/2021 12:45,31.449826
9/1/2021 12:50,31.085286
9/1/2021 12:55,32.51036
9/1/2021 13:00,30.94398
9/1/2021 13:05,32.740053
9/1/2021 13:10,32.740053
9/1/2021 13:15,33.794056
9/1/2021 13:20,32.81759
9/1/2021 13:25,32.763363
9/1/2021 13:30,32.96797
9/1/2021 13:35,32.918276
9/1/2021 13:40,32.918276
9/1/2021 13:45,32.85734
9/1/2021 13:50,31.564876
9/1/2021 13:55,32.466933
9/1/2021 14:00,32.88124
9/1/2021 14:05,34.43076
9/1/2021 14:10,34.460446
9/1/2021 14:15,35.381826
9/1/2021 14:20,34.798246
9/1/2021 14:25,35.18671
9/1/2021 14:30,35.5809
9/1/2021 14:35,37.32063
9/1/2021 14:40,36.816736
9/1/2021 14:45,39.07621
9/1/2021 14:50,38.3913
9/1/2021 14:55,36.645146
9/1/2021 15:00,34.095543
9/1/2021 15:05,33.98956
9/1/2021 15:10,34.180673
9/1/2021 15:15,33.92327
9/1/2021 15:20,34.98383
9/1/2021 15:25,34.98383
9/1/2021 15:30,35.284213
9/1/2021 15:35,33.817696
9/1/2021 15:40,33.817696
9/1/2021 15:45,34.220396
9/1/2021 15:50,34.89702
9/1/2021 15:55,34.899376
9/1/2021 16:00,32.86577
9/1/2021 16:05,33.548683
9/1/2021 16:10,32.69716
9/1/2021 16:15,33.779816
9/1/2021 16:20,34.545793
9/1/2021 16:25,35.680396
9/1/2021 16:30,37.163876
9/1/2021 16:35,39.34296
9/1/2021 16:40,39.309723
9/1/2021 16:45,39.502756
9/1/2021 16:50,39.157793
9/1/2021 16:55,37.87951
9/1/2021 17:00,33.591933
9/1/2021 17:05,33.591933
9/1/2021 17:10,33.636883
9/1/2021 17:15,33.81699
9/1/2021 17:20,35.294923
9/1/2021 17:25,37.568776
9/1/2021 17:30,40.098606
9/1/2021 17:35,42.103903
9/1/2021 17:40,43.851423
9/1/2021 17:45,44.448026
9/1/2021 17:50,50.249166
9/1/2021 17:55,55.67467
9/1/2021 18:00,39.728676
9/1/2021 18:05,40.259416
9/1/2021 18:10,43.111553
9/1/2021 18:15,46.631563
9/1/2021 18:20,49.388666
9/1/2021 18:25,52.713556
9/1/2021 18:30,50.6928
9/1/2021 18:35,64.611553
9/1/2021 18:40,68.342456
9/1/2021 18:45,70.28209
9/1/2021 18:50,70.98813
9/1/2021 18:55,75.024286
9/1/2021 19:00,63.78798
9/1/2021 19:05,51.315343
9/1/2021 19:10,50.860566
9/1/2021 19:15,51.116333
9/1/2021 19:20,51.89403
9/1/2021 19:25,51.30238
9/1/2021 19:30,51.105776
9/1/2021 19:35,51.09428
9/1/2021 19:40,50.437503
9/1/2021 19:45,50.594336
9/1/2021 19:50,49.74018
9/1/2021 19:55,49.584283
9/1/2021 20:00,53.447236
9/1/2021 20:05,53.884066
9/1/2021 20:10,52.110143
9/1/2021 20:15,57.228583
9/1/2021 20:20,54.948713
9/1/2021 20:25,52.972613
9/1/2021 20:30,64.235053
9/1/2021 20:35,56.51137
9/1/2021 20:40,52.812033
9/1/2021 20:45,51.490856
9/1/2021 20:50,50.277533
9/1/2021 20:55,50.003536
9/1/2021 21:00,62.552853
9/1/2021 21:05,53.72029
9/1/2021 21:10,52.70709
9/1/2021 21:15,51.13074
9/1/2021 21:20,51.025866
9/1/2021 21:25,51.498886
9/1/2021 21:30,51.12558
9/1/2021 21:35,50.479926
9/1/2021 21:40,49.903443
9/1/2021 21:45,48.28121
9/1/2021 21:50,47.812803
9/1/2021 21:55,49.693633
9/1/2021 22:00,57.219
9/1/2021 22:05,57.219
9/1/2021 22:10,56.068323
9/1/2021 22:15,55.83528
9/1/2021 22:20,52.89813
9/1/2021 22:25,52.881446
9/1/2021 22:30,50.830146
9/1/2021 22:35,50.143433
9/1/2021 22:40,48.10182
9/1/2021 22:45,46.188943
9/1/2021 22:50,45.6255
9/1/2021 22:55,45.63583
9/1/2021 23:00,50.65219
9/1/2021 23:05,50.55499
9/1/2021 23:10,50.65219
9/1/2021 23:15,49.424923
9/1/2021 23:20,46.407483
9/1/2021 23:25,47.22339
9/1/2021 23:30,46.859213
9/1/2021 23:35,45.282983
9/1/2021 23:40,45.169083
9/1/2021 23:45,44.799573
9/1/2021 23:50,44.610446
9/1/2021 23:55,44.255783
9/2/2021 0:00,46.064343
9/2/2021 0:05,46.907506
9/2/2021 0:10,48.748723
9/2/2021 0:15,48.62386
9/2/2021 0:20,48.70493
9/2/2021 0:25,48.854696
9/2/2021 0:30,48.36344
9/2/2021 0:35,48.203223
9/2/2021 0:40,45.56613
9/2/2021 0:45,55.03991
9/2/2021 0:50,48.63991
9/2/2021 0:55,48.63991
9/2/2021 1:00,49.329676
9/2/2021 1:05,48.855513
9/2/2021 1:10,49.040476
9/2/2021 1:15,45.635366
9/2/2021 1:20,45.683706
9/2/2021 1:25,46.48624
9/2/2021 1:30,45.921603
9/2/2021 1:35,45.48369
9/2/2021 1:40,44.548106
9/2/2021 1:45,44.537503
9/2/2021 1:50,44.394296
9/2/2021 1:55,43.812513
9/2/2021 2:00,45.93116
9/2/2021 2:05,45.697056
9/2/2021 2:10,46.41781
9/2/2021 2:15,45.859926
9/2/2021 2:20,45.792623
9/2/2021 2:25,45.190823
9/2/2021 2:30,45.188596
9/2/2021 2:35,45.121466
9/2/2021 2:40,44.822796
9/2/2021 2:45,44.622503
9/2/2021 2:50,44.267726
9/2/2021 2:55,44.430243
9/2/2021 3:00,45.203556
9/2/2021 3:05,45.181456
9/2/2021 3:10,44.832106
9/2/2021 3:15,44.548793
9/2/2021 3:20,44.47104
9/2/2021 3:25,45.210496
9/2/2021 3:30,44.80173
9/2/2021 3:35,45.042536
9/2/2021 3:40,45.042536
9/2/2021 3:45,44.81542
9/2/2021 3:50,45.049853
9/2/2021 3:55,44.095486
9/2/2021 4:00,42.071316
9/2/2021 4:05,41.228473
9/2/2021 4:10,41.60851
9/2/2021 4:15,42.17002
9/2/2021 4:20,42.883573
9/2/2021 4:25,42.76704
9/2/2021 4:30,42.99029
9/2/2021 4:35,43.229306
9/2/2021 4:40,43.97184
9/2/2021 4:45,44.14558
9/2/2021 4:50,43.61317
9/2/2021 4:55,43.5722
9/2/2021 5:00,44.169666
9/2/2021 5:05,44.222353
9/2/2021 5:10,44.169666
9/2/2021 5:15,45.25097
9/2/2021 5:20,46.50739
9/2/2021 5:25,48.143256
9/2/2021 5:30,48.20774
9/2/2021 5:35,51.305233
9/2/2021 5:40,54.077983
9/2/2021 5:45,56.015763
9/2/2021 5:50,58.17208
9/2/2021 5:55,58.369946
9/2/2021 6:00,49.50864
9/2/2021 6:05,49.530886
9/2/2021 6:10,50.76
9/2/2021 6:15,52.630746
9/2/2021 6:20,55.324313
9/2/2021 6:25,55.57699
9/2/2021 6:30,60.9988
9/2/2021 6:35,60.9988
9/2/2021 6:40,61.8512
9/2/2021 6:45,62.357366
9/2/2021 6:50,66.644346
9/2/2021 6:55,62.357366
9/2/2021 7:00,61.40412
9/2/2021 7:05,63.296423
9/2/2021 7:10,57.056313
9/2/2021 7:15,55.843883
9/2/2021 7:20,49.205543
9/2/2021 7:25,49.001853
9/2/2021 7:30,48.15829
9/2/2021 7:35,45.257506
9/2/2021 7:40,43.82375
9/2/2021 7:45,41.999466
9/2/2021 7:50,40.499523
9/2/2021 7:55,39.70049
9/2/2021 8:00,43.532543
9/2/2021 8:05,43.357326
9/2/2021 8:10,42.713226
9/2/2021 8:15,40.889473
9/2/2021 8:20,38.53409
9/2/2021 8:25,38.259163
9/2/2021 8:30,36.39743
9/2/2021 8:35,36.39743
9/2/2021 8:40,34.018773
9/2/2021 8:45,36.6007
9/2/2021 8:50,32.795903
9/2/2021 8:55,30.206893
9/2/2021 9:00,38.513456
9/2/2021 9:05,37.631603
9/2/2021 9:10,37.152666
9/2/2021 9:15,37.10953
9/2/2021 9:20,36.828983
9/2/2021 9:25,36.225396
9/2/2021 9:30,32.566983
9/2/2021 9:35,31.832683
9/2/2021 9:40,29.868413
9/2/2021 9:45,29.816586
9/2/2021 9:50,29.93575
9/2/2021 9:55,29.717903
9/2/2021 10:00,30.078796
9/2/2021 10:05,33.85742
9/2/2021 10:10,30.047376
9/2/2021 10:15,29.85075
9/2/2021 10:20,29.841643
9/2/2021 10:25,30.071953
9/2/2021 10:30,28.008696
9/2/2021 10:35,28.8432
9/2/2021 10:40,28.02946
9/2/2021 10:45,29.882043
9/2/2021 10:50,29.787023
9/2/2021 10:55,29.787023
9/2/2021 11:00,29.7336
9/2/2021 11:05,29.746553
9/2/2021 11:10,29.65053
9/2/2021 11:15,29.749056
9/2/2021 11:20,29.264353
9/2/2021 11:25,29.59736
9/2/2021 11:30,29.68186
9/2/2021 11:35,29.68186
9/2/2021 11:40,29.36552
9/2/2021 11:45,29.66836
9/2/2021 11:50,29.70687
9/2/2021 11:55,29.70687
9/2/2021 12:00,29.787493
9/2/2021 12:05,29.267013
9/2/2021 12:10,29.48805
9/2/2021 12:15,29.860926
9/2/2021 12:20,29.704293
9/2/2021 12:25,29.5267
9/2/2021 12:30,29.75036
9/2/2021 12:35,29.51388
9/2/2021 12:40,29.752233
9/2/2021 12:45,29.941203
9/2/2021 12:50,30.524393
9/2/2021 12:55,30.047933
9/2/2021 13:00,29.758413
9/2/2021 13:05,29.80303
9/2/2021 13:10,29.91746
9/2/2021 13:15,30.9729
9/2/2021 13:20,31.66494
9/2/2021 13:25,31.66494
9/2/2021 13:30,31.13794
9/2/2021 13:35,31.64506
9/2/2021 13:40,31.861096
9/2/2021 13:45,32.922226
9/2/2021 13:50,33.06612
9/2/2021 13:55,33.349753
9/2/2021 14:00,33.395086
9/2/2021 14:05,33.526786
9/2/2021 14:10,33.395086
9/2/2021 14:15,33.958073
9/2/2021 14:20,34.37113
9/2/2021 14:25,34.76625
9/2/2021 14:30,35.1485
9/2/2021 14:35,35.520103
9/2/2021 14:40,35.1485
9/2/2021 14:45,35.582783
9/2/2021 14:50,36.051116
9/2/2021 14:55,36.44141
9/2/2021 15:00,35.29946
9/2/2021 15:05,34.857843
9/2/2021 15:10,35.274263
9/2/2021 15:15,37.65645
9/2/2021 15:20,37.76466
9/2/2021 15:25,39.454633
9/2/2021 15:30,40.667956
9/2/2021 15:35,40.654403
9/2/2021 15:40,41.541613
9/2/2021 15:45,44.46312
9/2/2021 15:50,45.17169
9/2/2021 15:55,48.12957
9/2/2021 16:00,61.572513
9/2/2021 16:05,45.43427
9/2/2021 16:10,42.07426
9/2/2021 16:15,40.159276
9/2/2021 16:20,42.512823
9/2/2021 16:25,43.177156
9/2/2021 16:30,44.936406
9/2/2021 16:35,46.71705
9/2/2021 16:40,47.65247
9/2/2021 16:45,47.834893
9/2/2021 16:50,53.99854
9/2/2021 16:55,54.829623
9/2/2021 17:00,37.549706
9/2/2021 17:05,38.32215
9/2/2021 17:10,37.98409
9/2/2021 17:15,40.211693
9/2/2021 17:20,41.892476
9/2/2021 17:25,43.6429
9/2/2021 17:30,44.03851
9/2/2021 17:35,50.5331
9/2/2021 17:40,56.740993
9/2/2021 17:45,63.522863
9/2/2021 17:50,68.106693
9/2/2021 17:55,74.03379
9/2/2021 18:00,50.486273
9/2/2021 18:05,50.486273
9/2/2021 18:10,51.039316
9/2/2021 18:15,51.191216
9/2/2021 18:20,54.204106
9/2/2021 18:25,59.983386
9/2/2021 18:30,54.450966
9/2/2021 18:35,57.203263
9/2/2021 18:40,63.407856
9/2/2021 18:45,64.142546
9/2/2021 18:50,64.142546
9/2/2021 18:55,64.142546
9/2/2021 19:00,53.668026
9/2/2021 19:05,53.61274
9/2/2021 19:10,53.668026
9/2/2021 19:15,53.517083
9/2/2021 19:20,53.728956
9/2/2021 19:25,53.572283
9/2/2021 19:30,53.98066
9/2/2021 19:35,53.291013
9/2/2021 19:40,53.108493
9/2/2021 19:45,52.79017
9/2/2021 19:50,52.727963
9/2/2021 19:55,51.162176
9/2/2021 20:00,58.590763
9/2/2021 20:05,59.34473
9/2/2021 20:10,57.026566
9/2/2021 20:15,59.90038
9/2/2021 20:20,59.174123
9/2/2021 20:25,55.866953
9/2/2021 20:30,54.908906
9/2/2021 20:35,54.17978
9/2/2021 20:40,54.16761
9/2/2021 20:45,52.925343
9/2/2021 20:50,52.62145
9/2/2021 20:55,52.230066
9/2/2021 21:00,54.743816
9/2/2021 21:05,53.392446
9/2/2021 21:10,53.258696
9/2/2021 21:15,54.93684
9/2/2021 21:20,53.306576
9/2/2021 21:25,53.278536
9/2/2021 21:30,53.874833
9/2/2021 21:35,53.929833
9/2/2021 21:40,53.227766
9/2/2021 21:45,52.556603
9/2/2021 21:50,52.792716
9/2/2021 21:55,51.901913
9/2/2021 22:00,54.036723
9/2/2021 22:05,54.57372
9/2/2021 22:10,54.04981
9/2/2021 22:15,52.373496
9/2/2021 22:20,51.803776
9/2/2021 22:25,53.64908
9/2/2021 22:30,50.843836
9/2/2021 22:35,50.17019
9/2/2021 22:40,49.547356
9/2/2021 22:45,48.308346
9/2/2021 22:50,47.830446
9/2/2021 22:55,47.04321
9/2/2021 23:00,51.429003
9/2/2021 23:05,51.07416
9/2/2021 23:10,49.78639
9/2/2021 23:15,48.367603
9/2/2021 23:20,47.10519
9/2/2021 23:25,47.691703
9/2/2021 23:30,48.13572
9/2/2021 23:35,47.16841
9/2/2021 23:40,46.53683
9/2/2021 23:45,45.831286
9/2/2021 23:50,45.05639
9/2/2021 23:55,45.30399
9/3/2021 0:00,46.990083
9/3/2021 0:05,50.464126
9/3/2021 0:10,48.152246
9/3/2021 0:15,47.986863
9/3/2021 0:20,47.481866
9/3/2021 0:25,46.838986
9/3/2021 0:30,45.64432
9/3/2021 0:35,45.572766
9/3/2021 0:40,45.528913
9/3/2021 0:45,45.53295
9/3/2021 0:50,45.350763
9/3/2021 0:55,44.874136
9/3/2021 1:00,46.149886
9/3/2021 1:05,46.148906
9/3/2021 1:10,46.149886
9/3/2021 1:15,46.252456
9/3/2021 1:20,46.12919
9/3/2021 1:25,46.02155
9/3/2021 1:30,45.837006
9/3/2021 1:35,45.837006
9/3/2021 1:40,45.726603
9/3/2021 1:45,45.10444
9/3/2021 1:50,45.10444
9/3/2021 1:55,45.10444
9/3/2021 2:00,46.209283
9/3/2021 2:05,45.986303
9/3/2021 2:10,46.02281
9/3/2021 2:15,45.437453
9/3/2021 2:20,45.36263
9/3/2021 2:25,45.46866
9/3/2021 2:30,45.910523
9/3/2021 2:35,45.086643
9/3/2021 2:40,45.086643
9/3/2021 2:45,44.793293
9/3/2021 2:50,44.972546
9/3/2021 2:55,45.02324
9/3/2021 3:00,45.664756
9/3/2021 3:05,45.991973
9/3/2021 3:10,46.11394
9/3/2021 3:15,46.15095
9/3/2021 3:20,46.220873
9/3/2021 3:25,46.353476
9/3/2021 3:30,46.393186
9/3/2021 3:35,46.4073
9/3/2021 3:40,46.149806
9/3/2021 3:45,46.152803
9/3/2021 3:50,46.152803
9/3/2021 3:55,46.05436
9/3/2021 4:00,46.63086
9/3/2021 4:05,46.827826
9/3/2021 4:10,46.923733
9/3/2021 4:15,48.046223
9/3/2021 4:20,48.260723
9/3/2021 4:25,48.260723
9/3/2021 4:30,49.364723
9/3/2021 4:35,49.875473
9/3/2021 4:40,50.238973
9/3/2021 4:45,50.289186
9/3/2021 4:50,50.276706
9/3/2021 4:55,50.359016
9/3/2021 5:00,46.997466
9/3/2021 5:05,47.05507
9/3/2021 5:10,47.680063
9/3/2021 5:15,48.295246
9/3/2021 5:20,48.42145
9/3/2021 5:25,50.186596
9/3/2021 5:30,51.68704
9/3/2021 5:35,52.335613
9/3/2021 5:40,53.393233
9/3/2021 5:45,54.197706
9/3/2021 5:50,52.7427
9/3/2021 5:55,52.812733
9/3/2021 6:00,50.736236
9/3/2021 6:05,48.569683
9/3/2021 6:10,49.177956
9/3/2021 6:15,53.074536
9/3/2021 6:20,52.599563
9/3/2021 6:25,53.074536
9/3/2021 6:30,53.34757
9/3/2021 6:35,53.924226
9/3/2021 6:40,55.547733
9/3/2021 6:45,54.856733
9/3/2021 6:50,53.801753
9/3/2021 6:55,50.42536
9/3/2021 7:00,53.425556
9/3/2021 7:05,53.583436
9/3/2021 7:10,51.0739
9/3/2021 7:15,51.41969
9/3/2021 7:20,47.649246
9/3/2021 7:25,46.267156
9/3/2021 7:30,45.032043
9/3/2021 7:35,43.398406
9/3/2021 7:40,41.743303
9/3/2021 7:45,41.222306
9/3/2021 7:50,40.734576
9/3/2021 7:55,38.79813
9/3/2021 8:00,44.014463
9/3/2021 8:05,43.145123
9/3/2021 8:10,43.145123
9/3/2021 8:15,42.690493
9/3/2021 8:20,42.069616
9/3/2021 8:25,41.44181
9/3/2021 8:30,39.293726
9/3/2021 8:35,39.127223
9/3/2021 8:40,35.347433
9/3/2021 8:45,30.96104
9/3/2021 8:50,30.13799
9/3/2021 8:55,30.13799
9/3/2021 9:00,35.09398
9/3/2021 9:05,35.091966
9/3/2021 9:10,33.06449
9/3/2021 9:15,30.77015
9/3/2021 9:20,30.77015
9/3/2021 9:25,30.609096
9/3/2021 9:30,27.296823
9/3/2021 9:35,26.97166
9/3/2021 9:40,26.940383
9/3/2021 9:45,29.527996
9/3/2021 9:50,29.945836
9/3/2021 9:55,29.52929
9/3/2021 10:00,32.22656
9/3/2021 10:05,30.87483
9/3/2021 10:10,32.094583
9/3/2021 10:15,32.190303
9/3/2021 10:20,30.29673
9/3/2021 10:25,31.190673
9/3/2021 10:30,31.162083
9/3/2021 10:35,30.378256
9/3/2021 10:40,30.383253
9/3/2021 10:45,31.30572
9/3/2021 10:50,32.113293
9/3/2021 10:55,32.247576
9/3/2021 11:00,32.419456
9/3/2021 11:05,32.559773
9/3/2021 11:10,32.098833
9/3/2021 11:15,32.93287
9/3/2021 11:20,33.760433
9/3/2021 11:25,33.300103
9/3/2021 11:30,33.844306
9/3/2021 11:35,34.117523
9/3/2021 11:40,34.27046
9/3/2021 11:45,35.82717
9/3/2021 11:50,35.82717
9/3/2021 11:55,35.967516
9/3/2021 12:00,35.825976
9/3/2021 12:05,35.825976
9/3/2021 12:10,35.95727
9/3/2021 12:15,36.37334
9/3/2021 12:20,38.56129
9/3/2021 12:25,38.524166
9/3/2021 12:30,39.978733
9/3/2021 12:35,41.92152
9/3/2021 12:40,41.375353
9/3/2021 12:45,42.065226
9/3/2021 12:50,42.55714
9/3/2021 12:55,42.35988
9/3/2021 13:00,36.973353
9/3/2021 13:05,38.456306
9/3/2021 13:10,39.555713
9/3/2021 13:15,40.39847
9/3/2021 13:20,40.212486
9/3/2021 13:25,40.212486
9/3/2021 13:30,41.250423
9/3/2021 13:35,42.476093
9/3/2021 13:40,42.4874
9/3/2021 13:45,42.367933
9/3/2021 13:50,41.64514
9/3/2021 13:55,42.772476
9/3/2021 14:00,41.934863
9/3/2021 14:05,41.058563
9/3/2021 14:10,41.058563
9/3/2021 14:15,41.63702
9/3/2021 14:20,42.448663
9/3/2021 14:25,42.460106
9/3/2021 14:30,42.38064
9/3/2021 14:35,42.706033
9/3/2021 14:40,43.422443
9/3/2021 14:45,44.343753
9/3/2021 14:50,45.023336
9/3/2021 14:55,46.474773
9/3/2021 15:00,41.579696
9/3/2021 15:05,42.062166
9/3/2021 15:10,43.479746
9/3/2021 15:15,42.338786
9/3/2021 15:20,44.018406
9/3/2021 15:25,45.721906
9/3/2021 15:30,45.558406
9/3/2021 15:35,45.926923
9/3/2021 15:40,51.014903
9/3/2021 15:45,51.110686
9/3/2021 15:50,53.348103
9/3/2021 15:55,57.33799
9/3/2021 16:00,44.051003
9/3/2021 16:05,41.295186
9/3/2021 16:10,41.386213
9/3/2021 16:15,42.52733
9/3/2021 16:20,43.705156
9/3/2021 16:25,44.118903
9/3/2021 16:30,45.972266
9/3/2021 16:35,45.493183
9/3/2021 16:40,46.539103
9/3/2021 16:45,48.679876
9/3/2021 16:50,51.125913
9/3/2021 16:55,52.123786
9/3/2021 17:00,43.98488
9/3/2021 17:05,44.74892
9/3/2021 17:10,44.802376
9/3/2021 17:15,46.39977
9/3/2021 17:20,49.001396
9/3/2021 17:25,53.438726
9/3/2021 17:30,55.00469
9/3/2021 17:35,60.957946
9/3/2021 17:40,64.534596
9/3/2021 17:45,74.601586
9/3/2021 17:50,77.08539
9/3/2021 17:55,98.64009
9/3/2021 18:00,52.08432
9/3/2021 18:05,54.039986
9/3/2021 18:10,57.249456
9/3/2021 18:15,64.8966
9/3/2021 18:20,78.586736
9/3/2021 18:25,102.221403
9/3/2021 18:30,79.42533
9/3/2021 18:35,79.42533
9/3/2021 18:40,88.712506
9/3/2021 18:45,73.586036
9/3/2021 18:50,74.48064
9/3/2021 18:55,74.54136
9/3/2021 19:00,69.164466
9/3/2021 19:05,62.424886
9/3/2021 19:10,61.43694
9/3/2021 19:15,61.68337
9/3/2021 19:20,58.337486
9/3/2021 19:25,57.042026
9/3/2021 19:30,56.02372
9/3/2021 19:35,55.74032
9/3/2021 19:40,55.596806
9/3/2021 19:45,55.710943
9/3/2021 19:50,54.71307
9/3/2021 19:55,54.514713
9/3/2021 20:00,59.7421
9/3/2021 20:05,59.108146
9/3/2021 20:10,58.722916
9/3/2021 20:15,59.589003
9/3/2021 20:20,58.204186
9/3/2021 20:25,55.704376
9/3/2021 20:30,54.422233
9/3/2021 20:35,54.050326
9/3/2021 20:40,53.978686
9/3/2021 20:45,53.35021
9/3/2021 20:50,50.7678
9/3/2021 20:55,50.586233
9/3/2021 21:00,57.531863
9/3/2021 21:05,56.44913
9/3/2021 21:10,55.686383
9/3/2021 21:15,58.047003
9/3/2021 21:20,57.54054
9/3/2021 21:25,55.816993
9/3/2021 21:30,56.164943
9/3/2021 21:35,56.303073
9/3/2021 21:40,58.199493
9/3/2021 21:45,53.208513
9/3/2021 21:50,54.219973
9/3/2021 21:55,57.590543
9/3/2021 22:00,69.583943
9/3/2021 22:05,68.670553
9/3/2021 22:10,69.652426
9/3/2021 22:15,67.35002
9/3/2021 22:20,63.85375
9/3/2021 22:25,66.692166
9/3/2021 22:30,64.23971
9/3/2021 22:35,57.198486
9/3/2021 22:40,55.411096
9/3/2021 22:45,53.700566
9/3/2021 22:50,52.88163
9/3/2021 22:55,53.132543
9/3/2021 23:00,59.231916
9/3/2021 23:05,59.229516
9/3/2021 23:10,59.231916
9/3/2021 23:15,57.022916
9/3/2021 23:20,56.878486
9/3/2021 23:25,56.120943
9/3/2021 23:30,52.836306
9/3/2021 23:35,51.408893
9/3/2021 23:40,50.893623
9/3/2021 23:45,48.618496
9/3/2021 23:50,48.061523
9/3/2021 23:55,48.066933
9/4/2021 0:00,47.447176
9/4/2021 0:05,47.102443
9/4/2021 0:10,47.080703
9/4/2021 0:15,46.66804
9/4/2021 0:20,46.66804
9/4/2021 0:25,46.66804
9/4/2021 0:30,45.956023
9/4/2021 0:35,45.62113
9/4/2021 0:40,45.133426
9/4/2021 0:45,44.90663
9/4/2021 0:50,44.90663
9/4/2021 0:55,45.370963
9/4/2021 1:00,46.503933
9/4/2021 1:05,46.805023
9/4/2021 1:10,46.920833
9/4/2021 1:15,46.634663
9/4/2021 1:20,46.59362
9/4/2021 1:25,46.333706
9/4/2021 1:30,46.20318
9/4/2021 1:35,46.035393
9/4/2021 1:40,46.20318
9/4/2021 1:45,45.687346
9/4/2021 1:50,45.232286
9/4/2021 1:55,45.09337
9/4/2021 2:00,46.976876
9/4/2021 2:05,47.71202
9/4/2021 2:10,48.193993
9/4/2021 2:15,47.39671
9/4/2021 2:20,46.974943
9/4/2021 2:25,47.690733
9/4/2021 2:30,47.286143
9/4/2021 2:35,46.937193
9/4/2021 2:40,47.008856
9/4/2021 2:45,46.98326
9/4/2021 2:50,46.738033
9/4/2021 2:55,46.45741
9/4/2021 3:00,48.15659
9/4/2021 3:05,48.232536
9/4/2021 3:10,48.232536
9/4/2021 3:15,48.159676
9/4/2021 3:20,48.05174
9/4/2021 3:25,48.774156
9/4/2021 3:30,49.13186
9/4/2021 3:35,48.69845
9/4/2021 3:40,48.7425
9/4/2021 3:45,47.93523
9/4/2021 3:50,47.748136
9/4/2021 3:55,47.506966
9/4/2021 4:00,46.290013
9/4/2021 4:05,46.56472
9/4/2021 4:10,46.290013
9/4/2021 4:15,45.12712
9/4/2021 4:20,45.295546
9/4/2021 4:25,48.15232
9/4/2021 4:30,48.450326
9/4/2021 4:35,48.15364
9/4/2021 4:40,48.22935
9/4/2021 4:45,48.00675
9/4/2021 4:50,47.902646
9/4/2021 4:55,48.130076
9/4/2021 5:00,48.555036
9/4/2021 5:05,48.489713
9/4/2021 5:10,48.745913
9/4/2021 5:15,50.101563
9/4/2021 5:20,50.101563
9/4/2021 5:25,50.970083
9/4/2021 5:30,51.544183
9/4/2021 5:35,51.58329
9/4/2021 5:40,51.629466
9/4/2021 5:45,51.700256
9/4/2021 5:50,51.713766
9/4/2021 5:55,50.868463
9/4/2021 6:00,49.547486
9/4/2021 6:05,48.787856
9/4/2021 6:10,48.867233
9/4/2021 6:15,48.798826
9/4/2021 6:20,48.779383
9/4/2021 6:25,48.571346
9/4/2021 6:30,48.047186
9/4/2021 6:35,47.839823
9/4/2021 6:40,47.384933
9/4/2021 6:45,46.232246
9/4/2021 6:50,44.865273
9/4/2021 6:55,44.38709
9/4/2021 7:00,45.908656
9/4/2021 7:05,45.96569
9/4/2021 7:10,45.00105
9/4/2021 7:15,45.954573
9/4/2021 7:20,45.37851
9/4/2021 7:25,43.09539
9/4/2021 7:30,41.851896
9/4/2021 7:35,40.83418
9/4/2021 7:40,34.187596
9/4/2021 7:45,28.68581
9/4/2021 7:50,17.792016
9/4/2021 7:55,9.651293
9/4/2021 8:00,37.98447
9/4/2021 8:05,33.816846
9/4/2021 8:10,35.200216
9/4/2021 8:15,34.865596
9/4/2021 8:20,25.677176
9/4/2021 8:25,21.564073
9/4/2021 8:30,19.879443
9/4/2021 8:35,0
9/4/2021 8:40,-0.009693
9/4/2021 8:45,21.771406
9/4/2021 8:50,8.11057
9/4/2021 8:55,6.6226
9/4/2021 9:00,9.06349
9/4/2021 9:05,28.60314
9/4/2021 9:10,22.552253
9/4/2021 9:15,22.558586
9/4/2021 9:20,22.558586
9/4/2021 9:25,22.558586
9/4/2021 9:30,25.286993
9/4/2021 9:35,22.398003
9/4/2021 9:40,22.398003
9/4/2021 9:45,25.34031
9/4/2021 9:50,22.34332
9/4/2021 9:55,22.34332
9/4/2021 10:00,26.650923
9/4/2021 10:05,27.063756
9/4/2021 10:10,27.52136
9/4/2021 10:15,31.749646
9/4/2021 10:20,30.97247
9/4/2021 10:25,30.97247
9/4/2021 10:30,26.915696
9/4/2021 10:35,28.35369
9/4/2021 10:40,28.55188
9/4/2021 10:45,32.106243
9/4/2021 10:50,32.3934
9/4/2021 10:55,33.401883
9/4/2021 11:00,32.790153
9/4/2021 11:05,33.30506
9/4/2021 11:10,33.37636
9/4/2021 11:15,35.29588
9/4/2021 11:20,35.632363
9/4/2021 11:25,35.678666
9/4/2021 11:30,36.810333
9/4/2021 11:35,37.223486
9/4/2021 11:40,37.223486
9/4/2021 11:45,37.14134
9/4/2021 11:50,37.313236
9/4/2021 11:55,38.215986
9/4/2021 12:00,39.323883
9/4/2021 12:05,39.04556
9/4/2021 12:10,40.513286
9/4/2021 12:15,41.332983
9/4/2021 12:20,42.146936
9/4/2021 12:25,42.480003
9/4/2021 12:30,42.184526
9/4/2021 12:35,44.35666
9/4/2021 12:40,44.388656
9/4/2021 12:45,48.290903
9/4/2021 12:50,48.266543
9/4/2021 12:55,49.30423
9/4/2021 13:00,46.451066
9/4/2021 13:05,45.128623
9/4/2021 13:10,44.735323
9/4/2021 13:15,45.45642
9/4/2021 13:20,45.917026
9/4/2021 13:25,48.68102
9/4/2021 13:30,48.400183
9/4/2021 13:35,48.746553
9/4/2021 13:40,49.447823
9/4/2021 13:45,51.123183
9/4/2021 13:50,50.00742
9/4/2021 13:55,50.254473
9/4/2021 14:00,45.058166
9/4/2021 14:05,45.058166
9/4/2021 14:10,45.665226
9/4/2021 14:15,48.19
9/4/2021 14:20,48.07231
9/4/2021 14:25,49.1688
9/4/2021 14:30,49.9988
9/4/2021 14:35,55.3276
9/4/2021 14:40,57.53
9/4/2021 14:45,66.05505
9/4/2021 14:50,66.151556
9/4/2021 14:55,66.151556
9/4/2021 15:00,52.859526
9/4/2021 15:05,49.463316
9/4/2021 15:10,47.071813
9/4/2021 15:15,48.95565
9/4/2021 15:20,49.5161
9/4/2021 15:25,51.584053
9/4/2021 15:30,50.25748
9/4/2021 15:35,59.896493
9/4/2021 15:40,66.084266
9/4/2021 15:45,66.98036
9/4/2021 15:50,66.767353
9/4/2021 15:55,66.572836
9/4/2021 16:00,46.195133
9/4/2021 16:05,45.678573
9/4/2021 16:10,45.50254
9/4/2021 16:15,46.661993
9/4/2021 16:20,46.251266
9/4/2021 16:25,46.659693
9/4/2021 16:30,46.88348
9/4/2021 16:35,49.814406
9/4/2021 16:40,54.264476
9/4/2021 16:45,62.127766
9/4/2021 16:50,67.328123
9/4/2021 16:55,67.328123
9/4/2021 17:00,44.338706
9/4/2021 17:05,46.592663
9/4/2021 17:10,46.788163
9/4/2021 17:15,48.114136
9/4/2021 17:20,51.66023
9/4/2021 17:25,57.650046
9/4/2021 17:30,62.043136
9/4/2021 17:35,96.219683
9/4/2021 17:40,99.56662
9/4/2021 17:45,96.066596
9/4/2021 17:50,101.180513
9/4/2021 17:55,197.072486
9/4/2021 18:00,66.62402
9/4/2021 18:05,71.67819
9/4/2021 18:10,77.369533
9/4/2021 18:15,88.83447
9/4/2021 18:20,94.642653
9/4/2021 18:25,96.815853
9/4/2021 18:30,96.741706
9/4/2021 18:35,127.682283
9/4/2021 18:40,245.151513
9/4/2021 18:45,241.42678
9/4/2021 18:50,241.42678
9/4/2021 18:55,98.631026
9/4/2021 19:00,86.11454
9/4/2021 19:05,77.94195
9/4/2021 19:10,71.380116
9/4/2021 19:15,69.293043
9/4/2021 19:20,66.767786
9/4/2021 19:25,66.614226
9/4/2021 19:30,62.598676
9/4/2021 19:35,62.598676
9/4/2021 19:40,63.070053
9/4/2021 19:45,65.95933
9/4/2021 19:50,63.36789
9/4/2021 19:55,62.366033
9/4/2021 20:00,66.979513
9/4/2021 20:05,62.97369
9/4/2021 20:10,63.02841
9/4/2021 20:15,62.825773
9/4/2021 20:20,60.674163
9/4/2021 20:25,61.123906
9/4/2021 20:30,60.29036
9/4/2021 20:35,60.802586
9/4/2021 20:40,59.811156
9/4/2021 20:45,56.887293
9/4/2021 20:50,55.32535
9/4/2021 20:55,53.72829
9/4/2021 21:00,62.519106
9/4/2021 21:05,59.682523
9/4/2021 21:10,58.986383
9/4/2021 21:15,58.704853
9/4/2021 21:20,59.94283
9/4/2021 21:25,61.872853
9/4/2021 21:30,61.694503
9/4/2021 21:35,59.920856
9/4/2021 21:40,58.547933
9/4/2021 21:45,54.006403
9/4/2021 21:50,51.737356
9/4/2021 21:55,52.71179
9/4/2021 22:00,66.540966
9/4/2021 22:05,68.11286
9/4/2021 22:10,64.745173
9/4/2021 22:15,61.184573
9/4/2021 22:20,59.60174
9/4/2021 22:25,55.58801
9/4/2021 22:30,54.817
9/4/2021 22:35,51.40068
9/4/2021 22:40,51.470056
9/4/2021 22:45,51.221036
9/4/2021 22:50,50.257706
9/4/2021 22:55,50.2496
9/4/2021 23:00,50.566483
9/4/2021 23:05,51.129623
9/4/2021 23:10,50.566483
9/4/2021 23:15,49.390766
9/4/2021 23:20,47.982213
9/4/2021 23:25,47.673763
9/4/2021 23:30,47.24638
9/4/2021 23:35,47.12869
9/4/2021 23:40,47.519243
9/4/2021 23:45,47.216553
9/4/2021 23:50,47.216553
9/4/2021 23:55,47.191046
9/5/2021 0:00,51.889523
9/5/2021 0:05,51.889523
9/5/2021 0:10,51.889523
9/5/2021 0:15,51.124023
9/5/2021 0:20,51.80751
9/5/2021 0:25,51.241333
9/5/2021 0:30,49.64752
9/5/2021 0:35,48.451213
9/5/2021 0:40,48.128423
9/5/2021 0:45,47.510636
9/5/2021 0:50,47.510636
9/5/2021 0:55,47.154183
9/5/2021 1:00,48.39315
9/5/2021 1:05,48.82629
9/5/2021 1:10,49.05104
9/5/2021 1:15,48.127043
9/5/2021 1:20,48.708343
9/5/2021 1:25,48.256763
9/5/2021 1:30,47.467683
9/5/2021 1:35,47.223466
9/5/2021 1:40,47.241273
9/5/2021 1:45,46.755473
9/5/2021 1:50,46.73348
9/5/2021 1:55,46.74549
9/5/2021 2:00,46.411763
9/5/2021 2:05,46.91836
9/5/2021 2:10,47.21571
9/5/2021 2:15,47.114443
9/5/2021 2:20,47.20247
9/5/2021 2:25,47.20247
9/5/2021 2:30,46.928426
9/5/2021 2:35,46.928426
9/5/2021 2:40,46.88301
9/5/2021 2:45,46.452676
9/5/2021 2:50,46.452676
9/5/2021 2:55,46.451406
9/5/2021 3:00,47.298806
9/5/2021 3:05,47.298806
9/5/2021 3:10,48.661013
9/5/2021 3:15,47.26809
9/5/2021 3:20,47.20868
9/5/2021 3:25,46.87855
9/5/2021 3:30,47.16043
9/5/2021 3:35,46.63954
9/5/2021 3:40,46.56951
9/5/2021 3:45,46.410536
9/5/2021 3:50,46.258893
9/5/2021 3:55,46.370953
9/5/2021 4:00,46.953913
9/5/2021 4:05,46.953913
9/5/2021 4:10,46.463603
9/5/2021 4:15,46.43259
9/5/2021 4:20,46.42194
9/5/2021 4:25,46.43259
9/5/2021 4:30,46.186376
9/5/2021 4:35,46.253543
9/5/2021 4:40,46.265316
9/5/2021 4:45,45.91352
9/5/2021 4:50,46.23856
9/5/2021 4:55,46.268393
9/5/2021 5:00,46.59659
9/5/2021 5:05,46.79511
9/5/2021 5:10,47.020703
9/5/2021 5:15,47.08593
9/5/2021 5:20,46.682943
9/5/2021 5:25,47.045036
9/5/2021 5:30,47.27
9/5/2021 5:35,47.116243
9/5/2021 5:40,47.12428
9/5/2021 5:45,47.34376
9/5/2021 5:50,47.055713
9/5/2021 5:55,46.571553
9/5/2021 6:00,45.606583
9/5/2021 6:05,45.606583
9/5/2021 6:10,45.606583
9/5/2021 6:15,45.892776
9/5/2021 6:20,45.685376
9/5/2021 6:25,45.592266
9/5/2021 6:30,45.40129
9/5/2021 6:35,45.350933
9/5/2021 6:40,44.679153
9/5/2021 6:45,45.14617
9/5/2021 6:50,44.551236
9/5/2021 6:55,44.56359
9/5/2021 7:00,43.21698
9/5/2021 7:05,46.00518
9/5/2021 7:10,45.416786
9/5/2021 7:15,45.285963
9/5/2021 7:20,42.08211
9/5/2021 7:25,40.761646
9/5/2021 7:30,41.079006
9/5/2021 7:35,39.189426
9/5/2021 7:40,33.481653
9/5/2021 7:45,1.31241
9/5/2021 7:50,-0.009666
9/5/2021 7:55,-0.009776
9/5/2021 8:00,22.47024
9/5/2021 8:05,31.741583
9/5/2021 8:10,29.627746
9/5/2021 8:15,21.424783
9/5/2021 8:20,14.794006
9/5/2021 8:25,0
9/5/2021 8:30,21.211993
9/5/2021 8:35,16.492116
9/5/2021 8:40,0
9/5/2021 8:45,0
9/5/2021 8:50,-0.00974
9/5/2021 8:55,-0.00974
9/5/2021 9:00,6.37504
9/5/2021 9:05,19.639706
9/5/2021 9:10,16.96505
9/5/2021 9:15,21.50632
9/5/2021 9:20,17.596926
9/5/2021 9:25,14.65311
9/5/2021 9:30,14.57049
9/5/2021 9:35,14.918073
9/5/2021 9:40,16.434976
9/5/2021 9:45,21.517366
9/5/2021 9:50,21.517366
9/5/2021 9:55,14.621563
9/5/2021 10:00,27.337866
9/5/2021 10:05,27.226043
9/5/2021 10:10,28.14514
9/5/2021 10:15,28.619813
9/5/2021 10:20,28.801316
9/5/2021 10:25,30.46659
9/5/2021 10:30,29.987943
9/5/2021 10:35,32.06361
9/5/2021 10:40,32.579286
9/5/2021 10:45,33.232116
9/5/2021 10:50,33.71891
9/5/2021 10:55,33.232116
9/5/2021 11:00,32.08894
9/5/2021 11:05,33.153296
9/5/2021 11:10,33.309466
9/5/2021 11:15,37.546223
9/5/2021 11:20,35.04727
9/5/2021 11:25,35.175613
9/5/2021 11:30,35.53664
9/5/2021 11:35,38.086676
9/5/2021 11:40,39.47554
9/5/2021 11:45,41.35809
9/5/2021 11:50,41.726793
9/5/2021 11:55,41.726793
9/5/2021 12:00,45.298093
9/5/2021 12:05,45.19341
9/5/2021 12:10,45.298093
9/5/2021 12:15,45.215153
9/5/2021 12:20,45.215153
9/5/2021 12:25,45.735496
9/5/2021 12:30,44.898663
9/5/2021 12:35,45.569013
9/5/2021 12:40,46.560676
9/5/2021 12:45,48.81311
9/5/2021 12:50,50.464433
9/5/2021 12:55,59.22893
9/5/2021 13:00,50.345093
9/5/2021 13:05,50.345093
9/5/2021 13:10,54.76956
9/5/2021 13:15,65.188353
9/5/2021 13:20,66.05134
9/5/2021 13:25,70.21613
9/5/2021 13:30,81.3871
9/5/2021 13:35,82.491223
9/5/2021 13:40,71.660166
9/5/2021 13:45,75.913176
9/5/2021 13:50,84.187093
9/5/2021 13:55,84.329643
9/5/2021 14:00,64.783116
9/5/2021 14:05,67.168023
9/5/2021 14:10,54.194363
9/5/2021 14:15,61.122506
9/5/2021 14:20,58.272133
9/5/2021 14:25,62.591283
9/5/2021 15:10,47.88297
9/5/2021 15:15,47.120706
9/5/2021 15:20,47.394433
9/5/2021 15:25,48.267463
9/5/2021 15:30,51.335933
9/5/2021 15:35,54.569876
9/5/2021 15:40,57.865703
9/5/2021 15:45,61.766493
9/5/2021 15:50,62.813376
9/5/2021 15:55,62.16937
9/5/2021 16:00,45.575806
9/5/2021 16:05,45.410696
9/5/2021 16:10,45.544086
9/5/2021 16:15,47.629403
9/5/2021 16:20,47.551686
9/5/2021 16:25,47.929006
9/5/2021 16:30,50.890286
9/5/2021 16:35,51.989583
9/5/2021 16:40,53.64657
9/5/2021 16:45,54.890536
9/5/2021 16:50,58.90676
9/5/2021 16:55,58.90676
9/5/2021 17:00,45.800343
9/5/2021 17:05,47.417386
9/5/2021 17:10,49.36529
9/5/2021 17:15,51.524883
9/5/2021 17:20,53.532156
9/5/2021 17:25,58.598366
9/5/2021 17:30,64.564513
9/5/2021 17:35,91.65207
9/5/2021 17:40,187.556936
9/5/2021 17:45,120.020183
9/5/2021 17:50,1004.120213
9/5/2021 17:55,991.066666
9/5/2021 18:00,81.043206
9/5/2021 18:05,91.132756
9/5/2021 18:10,81.040823
9/5/2021 18:15,82.864696
9/5/2021 18:20,114.593226
9/5/2021 18:25,114.96652
9/5/2021 18:30,83.210403
9/5/2021 18:35,86.333993
9/5/2021 18:40,91.51714
9/5/2021 18:45,69.677516
9/5/2021 18:50,66.45834
9/5/2021 18:55,69.55968
9/5/2021 19:00,66.44013
9/5/2021 19:05,66.44013
9/5/2021 19:10,64.56264
9/5/2021 19:15,66.471486
9/5/2021 19:20,63.796773
9/5/2021 19:25,63.796773
9/5/2021 19:30,61.37157
9/5/2021 19:35,58.636943
9/5/2021 19:40,58.52263
9/5/2021 19:45,56.39544
9/5/2021 19:50,55.936026
9/5/2021 19:55,55.245953
9/5/2021 20:00,66.22971
9/5/2021 20:05,65.400416
9/5/2021 20:10,65.44524
9/5/2021 20:15,68.392306
9/5/2021 20:20,63.996406
9/5/2021 20:25,62.99191
9/5/2021 20:30,63.6754
9/5/2021 20:35,62.115476
9/5/2021 20:40,59.41879
9/5/2021 20:45,58.23879
9/5/2021 20:50,58.384496
9/5/2021 20:55,56.020563
9/5/2021 21:00,60.318973
9/5/2021 21:05,60.61925
9/5/2021 21:10,59.23314
9/5/2021 21:15,58.289023
9/5/2021 21:20,56.076573
9/5/2021 21:25,55.297986
9/5/2021 21:30,53.622646
9/5/2021 21:35,55.078053
9/5/2021 21:40,54.52899
9/5/2021 21:45,53.60668
9/5/2021 21:50,52.877953
9/5/2021 21:55,51.526683
9/5/2021 22:00,55.500516
9/5/2021 22:05,57.294463
9/5/2021 22:10,55.500516
9/5/2021 22:15,55.075983
9/5/2021 22:20,54.883053
9/5/2021 22:25,52.582536
9/5/2021 22:30,53.353816
9/5/2021 22:35,52.40689
9/5/2021 22:40,52.029003
9/5/2021 22:45,49.555216
9/5/2021 22:50,50.389223
9/5/2021 22:55,50.749823
9/5/2021 23:00,54.59723
9/5/2021 23:05,54.271916
9/5/2021 23:10,53.59353
9/5/2021 23:15,53.531383
9/5/2021 23:20,53.531383
9/5/2021 23:25,52.341
9/5/2021 23:30,53.17639
9/5/2021 23:35,53.075626
9/5/2021 23:40,50.594823
9/5/2021 23:45,50.53615
9/5/2021 23:50,49.78664
9/5/2021 23:55,49.78664
9/6/2021 0:00,50.83815
9/6/2021 0:05,50.83815
9/6/2021 0:10,54.908053
9/6/2021 0:15,51.13261
9/6/2021 0:20,51.246303
9/6/2021 0:25,51.13261
9/6/2021 0:30,51.107793
9/6/2021 0:35,50.518743
9/6/2021 0:40,50.518743
9/6/2021 0:45,50.15146
9/6/2021 0:50,49.281706
9/6/2021 0:55,48.44976
9/6/2021 1:00,50.367053
9/6/2021 1:05,49.6659
9/6/2021 1:10,50.367053
9/6/2021 1:15,48.657436
9/6/2021 1:20,48.284063
9/6/2021 1:25,48.006243
9/6/2021 1:30,47.635433
9/6/2021 1:35,47.372416
9/6/2021 1:40,47.325773
9/6/2021 1:45,46.549013
9/6/2021 1:50,46.549013
9/6/2021 1:55,45.96008
9/6/2021 2:00,47.396676
9/6/2021 2:05,47.777846
9/6/2021 2:10,47.862296
9/6/2021 2:15,47.845833
9/6/2021 2:20,48.041456
9/6/2021 2:25,47.75746
9/6/2021 2:30,47.50434
9/6/2021 2:35,47.50434
9/6/2021 2:40,47.678776
9/6/2021 2:45,46.480506
9/6/2021 2:50,46.54681
9/6/2021 2:55,46.723136
9/6/2021 3:00,48.858823
9/6/2021 3:05,48.858823
9/6/2021 3:10,48.86873
9/6/2021 3:15,48.587593
9/6/2021 3:20,47.95991
9/6/2021 3:25,47.95991
9/6/2021 3:30,47.936
9/6/2021 3:35,47.905073
9/6/2021 3:40,47.905073
9/6/2021 3:45,47.54976
9/6/2021 3:50,47.389723
9/6/2021 3:55,47.389723
9/6/2021 4:00,48.644066
9/6/2021 4:05,48.683196
9/6/2021 4:10,49.55732
9/6/2021 4:15,49.596656
9/6/2021 4:20,49.29193
9/6/2021 4:25,49.150726
9/6/2021 4:30,48.86688
9/6/2021 4:35,49.451156
9/6/2021 4:40,49.722793
9/6/2021 4:45,49.16538
9/6/2021 4:50,48.96339
9/6/2021 4:55,48.331033
9/6/2021 5:00,50.1518
9/6/2021 5:05,49.555236
9/6/2021 5:10,50.1518
9/6/2021 5:15,50.087776
9/6/2021 5:20,50.087776
9/6/2021 5:25,50.087776
9/6/2021 5:30,50.149233
9/6/2021 5:35,50.149233
9/6/2021 5:40,50.149233
9/6/2021 5:45,50.142963
9/6/2021 5:50,50.142963
9/6/2021 5:55,51.494766
9/6/2021 6:00,49.91777
9/6/2021 6:05,52.519696
9/6/2021 6:10,53.274083
9/6/2021 6:15,52.15418
9/6/2021 6:20,53.17681
9/6/2021 6:25,53.17681
9/6/2021 6:30,51.952713
9/6/2021 6:35,49.477176
9/6/2021 6:40,48.016033
9/6/2021 6:45,48.039963
9/6/2021 6:50,48.025043
9/6/2021 6:55,47.14081
9/6/2021 7:00,54.245833
9/6/2021 7:05,53.43026
9/6/2021 7:10,51.514346
9/6/2021 7:15,47.336856
9/6/2021 7:20,45.681986
9/6/2021 7:25,45.61599
9/6/2021 7:30,45.122263
9/6/2021 7:35,43.996513
9/6/2021 7:40,41.713866
9/6/2021 7:45,41.806053
9/6/2021 7:50,40.336086
9/6/2021 7:55,40.336086
9/6/2021 8:00,42.07527
9/6/2021 8:05,41.92789
9/6/2021 8:10,40.945316
9/6/2021 8:15,40.92186
9/6/2021 8:20,40.66612
9/6/2021 8:25,39.60724
9/6/2021 8:30,38.664006
9/6/2021 8:35,37.119723
9/6/2021 8:40,37.457466
9/6/2021 8:45,34.9673
9/6/2021 8:50,29.812773
9/6/2021 8:55,33.783386
9/6/2021 9:00,39.310136
9/6/2021 9:05,39.363156
9/6/2021 9:10,40.713046
9/6/2021 9:15,39.936826
9/6/2021 9:20,40.49386
9/6/2021 9:25,40.671236
9/6/2021 9:30,40.080356
9/6/2021 9:35,40.080356
9/6/2021 9:40,40.316646
9/6/2021 9:45,41.010953
9/6/2021 9:50,41.010953
9/6/2021 9:55,40.676536
9/6/2021 10:00,43.148223
9/6/2021 10:05,44.43612
9/6/2021 10:10,44.156023
9/6/2021 10:15,44.723786
9/6/2021 10:20,44.4766
9/6/2021 10:25,44.963576
9/6/2021 10:30,44.612606
9/6/2021 10:35,45.340153
9/6/2021 10:40,45.676823
9/6/2021 10:45,45.874933
9/6/2021 10:50,45.736613
9/6/2021 10:55,45.716503
9/6/2021 11:00,45.898553
9/6/2021 11:05,45.898553
9/6/2021 11:10,47.013246
9/6/2021 11:15,46.743613
9/6/2021 11:20,47.980603
9/6/2021 11:25,48.95904
9/6/2021 11:30,49.260043
9/6/2021 11:35,50.09666
9/6/2021 11:40,52.718956
9/6/2021 11:45,54.390006
9/6/2021 11:50,54.71549
9/6/2021 11:55,56.201536
9/6/2021 12:00,50.644673
9/6/2021 12:05,51.419126
9/6/2021 12:10,51.253163
9/6/2021 12:15,50.06932
9/6/2021 12:20,50.642113
9/6/2021 12:25,51.03517
9/6/2021 12:30,52.126186
9/6/2021 12:35,51.786473
9/6/2021 12:40,53.561816
9/6/2021 12:45,54.663856
9/6/2021 12:50,55.061666
9/6/2021 12:55,57.387823
9/6/2021 13:00,60.867573
9/6/2021 13:05,55.569503
9/6/2021 13:10,55.792173
9/6/2021 13:15,59.1108
9/6/2021 13:20,61.895463
9/6/2021 13:25,63.67995
9/6/2021 13:30,74.66426
9/6/2021 13:35,79.47001
9/6/2021 13:40,86.404943
9/6/2021 13:45,96.785376
9/6/2021 13:50,200.875836
9/6/2021 13:55,117.473056
9/6/2021 14:00,81.612243
9/6/2021 14:05,60.874253
9/6/2021 14:10,56.415816
9/6/2021 14:15,66.917513
9/6/2021 14:20,66.115223
9/6/2021 14:25,72.931543
9/6/2021 14:30,68.668786
9/6/2021 14:35,86.808033
9/6/2021 14:40,87.092223
9/6/2021 14:45,92.371793
9/6/2021 14:50,107.779223
9/6/2021 14:55,101.538776
9/6/2021 15:00,72.173446
9/6/2021 15:05,63.829276
9/6/2021 15:10,69.952603
9/6/2021 15:15,71.37733
9/6/2021 15:20,61.726873
9/6/2021 15:25,63.972683
9/6/2021 15:30,73.171523
9/6/2021 15:35,76.968623
9/6/2021 15:40,81.984493
9/6/2021 15:45,74.220316
9/6/2021 15:50,75.7187
9/6/2021 15:55,73.66444
9/6/2021 16:00,53.892416
9/6/2021 16:05,54.648736
9/6/2021 16:10,54.648736
9/6/2021 16:15,55.595066
9/6/2021 16:20,56.93973
9/6/2021 16:25,61.58175
9/6/2021 16:30,62.619073
9/6/2021 16:35,67.924596
9/6/2021 16:40,69.84457
9/6/2021 16:45,68.071223
9/6/2021 16:50,70.24153
9/6/2021 16:55,73.898653
9/6/2021 17:00,53.94187
9/6/2021 17:05,54.728083
9/6/2021 17:10,55.15671
9/6/2021 17:15,56.385436
9/6/2021 17:20,62.821503
9/6/2021 17:25,66.16696
9/6/2021 17:30,67.75361
9/6/2021 17:35,82.298376
9/6/2021 17:40,92.248493
9/6/2021 17:45,98.777446
9/6/2021 17:50,104.427103
9/6/2021 17:55,103.671376
9/6/2021 18:00,77.487596
9/6/2021 18:05,76.651306
9/6/2021 18:10,78.0628
9/6/2021 18:15,76.70716
9/6/2021 18:20,81.036863
9/6/2021 18:25,84.78221
9/6/2021 18:30,78.524306
9/6/2021 18:35,77.169523
9/6/2021 18:40,79.781926
9/6/2021 18:45,79.654716
9/6/2021 18:50,77.658596
9/6/2021 18:55,77.658596
9/6/2021 19:00,76.090206
9/6/2021 19:05,73.149256
9/6/2021 19:10,71.232976
9/6/2021 19:15,70.594903
9/6/2021 19:20,68.76672
9/6/2021 19:25,67.578936
9/6/2021 19:30,68.2538
9/6/2021 19:35,67.052036
9/6/2021 19:40,65.42285
9/6/2021 19:45,66.979796
9/6/2021 19:50,67.148003
9/6/2021 19:55,66.979796
9/6/2021 20:00,77.05006
9/6/2021 20:05,70.4072
9/6/2021 20:10,69.238486
9/6/2021 20:15,68.75385
9/6/2021 20:20,67.3698
9/6/2021 20:25,67.773466
9/6/2021 20:30,70.94496
9/6/2021 20:35,68.40053
9/6/2021 20:40,67.743283
9/6/2021 20:45,68.468006
9/6/2021 20:50,66.517113
9/6/2021 20:55,62.770056
9/6/2021 21:00,86.95851
9/6/2021 21:05,78.52141
9/6/2021 21:10,76.222106
9/6/2021 21:15,78.425333
9/6/2021 21:20,70.997453
9/6/2021 21:25,78.047483
9/6/2021 21:30,77.281833
9/6/2021 21:35,101.040993
9/6/2021 21:40,76.1323
9/6/2021 21:45,94.987733
9/6/2021 21:50,70.756343
9/6/2021 21:55,68.582926
9/6/2021 22:00,75.14941
9/6/2021 22:05,70.721033
9/6/2021 22:10,67.16473
9/6/2021 22:15,66.157283
9/6/2021 22:20,70.63098
9/6/2021 22:25,64.60906
9/6/2021 22:30,63.208136
9/6/2021 22:35,58.76451
9/6/2021 22:40,63.070856
9/6/2021 22:45,59.465533
9/6/2021 22:50,54.86397
9/6/2021 22:55,55.61281
9/6/2021 23:00,58.28463
9/6/2021 23:05,56.613496
9/6/2021 23:10,56.871503
9/6/2021 23:15,55.25991
9/6/2021 23:20,55.510473
9/6/2021 23:25,54.290756
9/6/2021 23:30,51.209036
9/6/2021 23:35,50.27754
9/6/2021 23:40,49.430953
9/6/2021 23:45,50.643743
9/6/2021 23:50,49.100456
9/6/2021 23:55,50.487076
9/7/2021 0:00,52.282313
9/7/2021 0:05,52.10231
9/7/2021 0:10,52.123183
9/7/2021 0:15,51.872723
9/7/2021 0:20,51.68838
9/7/2021 0:25,51.794873
9/7/2021 0:30,51.678176
9/7/2021 0:35,49.577553
9/7/2021 0:40,48.93721
9/7/2021 0:45,50.469826
9/7/2021 0:50,47.403746
9/7/2021 0:55,46.831456
9/7/2021 1:00,48.34366
9/7/2021 1:05,47.296866
9/7/2021 1:10,47.296866
9/7/2021 1:15,47.069683
9/7/2021 1:20,47.14771
9/7/2021 1:25,47.131533
9/7/2021 1:30,46.449866
9/7/2021 1:35,46.524463
9/7/2021 1:40,46.618973
9/7/2021 1:45,46.604833
9/7/2021 1:50,46.30993
9/7/2021 1:55,45.80042
9/7/2021 2:00,48.17668
9/7/2021 2:05,48.20488
9/7/2021 2:10,48.399736
9/7/2021 2:15,48.370093
9/7/2021 2:20,47.901776
9/7/2021 2:25,47.901776
9/7/2021 2:30,47.13268
9/7/2021 2:35,47.558083
9/7/2021 2:40,47.16981
9/7/2021 2:45,46.909913
9/7/2021 2:50,46.684036
9/7/2021 2:55,46.537433
9/7/2021 3:00,47.819943
9/7/2021 3:05,48.096406
9/7/2021 3:10,48.096406
9/7/2021 3:15,48.083043
9/7/2021 3:20,47.770543
9/7/2021 3:25,47.40447
9/7/2021 3:30,47.298896
9/7/2021 3:35,47.132493
9/7/2021 3:40,47.467466
9/7/2021 3:45,46.94417
9/7/2021 3:50,46.94417
9/7/2021 3:55,47.011466
9/7/2021 4:00,46.963053
9/7/2021 4:05,47.13276
9/7/2021 4:10,47.352636
9/7/2021 4:15,47.391173
9/7/2021 4:20,47.995193
9/7/2021 4:25,48.180463
9/7/2021 4:30,48.572926
9/7/2021 4:35,48.754223
9/7/2021 4:40,50.41448
9/7/2021 4:45,50.514053
9/7/2021 4:50,50.042896
9/7/2021 4:55,49.087323
9/7/2021 5:00,49.248043
9/7/2021 5:05,49.057166
9/7/2021 5:10,50.81991
9/7/2021 5:15,51.480726
9/7/2021 5:20,53.223413
9/7/2021 5:25,55.227643
9/7/2021 5:30,55.916596
9/7/2021 5:35,59.28488
9/7/2021 5:40,60.621063
9/7/2021 5:45,62.43363
9/7/2021 5:50,62.437703
9/7/2021 5:55,70.994216
9/7/2021 6:00,58.129046
9/7/2021 6:05,61.361706
9/7/2021 6:10,74.75168
9/7/2021 6:15,81.327803
9/7/2021 6:20,91.86887
9/7/2021 6:25,115.85318
9/7/2021 6:30,120.88201
9/7/2021 6:35,166.52411
9/7/2021 6:40,127.92203
9/7/2021 6:45,114.299103
9/7/2021 6:50,98.668113
9/7/2021 6:55,92.554243
9/7/2021 7:00,103.916973
9/7/2021 7:05,91.602693
9/7/2021 7:10,82.052393
9/7/2021 7:15,62.896986
9/7/2021 7:20,58.131183
9/7/2021 7:25,55.717236
9/7/2021 7:30,55.548536
9/7/2021 7:35,54.771583
9/7/2021 7:40,49.78335
9/7/2021 7:45,48.71181
9/7/2021 7:50,48.081823
9/7/2021 7:55,46.974933
9/7/2021 8:00,53.999366
9/7/2021 8:05,52.38455
9/7/2021 8:10,51.24495
9/7/2021 8:15,48.41736
9/7/2021 8:20,47.87584
9/7/2021 8:25,46.899626
9/7/2021 8:30,45.599363
9/7/2021 8:35,45.408666
9/7/2021 8:40,45.501066
9/7/2021 8:45,45.257966
9/7/2021 8:50,45.257966
9/7/2021 8:55,45.234813
9/7/2021 9:00,46.602366
9/7/2021 9:05,46.602366
9/7/2021 9:10,46.889476
9/7/2021 9:15,46.86567
9/7/2021 9:20,45.954766
9/7/2021 9:25,46.598153
9/7/2021 9:30,46.6701
9/7/2021 9:35,46.849606
9/7/2021 9:40,46.83348
9/7/2021 9:45,47.846826
9/7/2021 9:50,47.11427
9/7/2021 9:55,47.205636
9/7/2021 10:00,49.86739
9/7/2021 10:05,49.560773
9/7/2021 10:10,50.41823
9/7/2021 10:15,50.807776
9/7/2021 10:20,50.814736
9/7/2021 10:25,51.29983
9/7/2021 10:30,50.850003
9/7/2021 10:35,51.960233
9/7/2021 10:40,52.09791
9/7/2021 10:45,58.620706
9/7/2021 10:50,57.202283
9/7/2021 10:55,55.856253
9/7/2021 11:00,52.385793
9/7/2021 11:05,52.057503
9/7/2021 11:10,54.24219
9/7/2021 11:15,51.49643
9/7/2021 11:20,51.594676
9/7/2021 11:25,51.5935
9/7/2021 11:30,53.46483
9/7/2021 11:35,54.655773
9/7/2021 11:40,55.370683
9/7/2021 11:45,58.28
9/7/2021 11:50,58.28
9/7/2021 11:55,58.9924
9/7/2021 12:00,57.9629
9/7/2021 12:05,59.745906
9/7/2021 12:10,60.694136
9/7/2021 12:15,59.27347
9/7/2021 12:20,60.87217
9/7/2021 12:25,59.80847
9/7/2021 12:30,62.959393
9/7/2021 12:35,66.14115
9/7/2021 12:40,67.71296
9/7/2021 12:45,75.54784
9/7/2021 12:50,84.25085
9/7/2021 12:55,110.720943
9/7/2021 13:00,73.122286
9/7/2021 13:05,73.122286
9/7/2021 13:10,77.9988
9/7/2021 13:15,75
9/7/2021 13:20,70
9/7/2021 13:25,77.08073
9/7/2021 13:30,73.59
9/7/2021 13:35,75.6324
9/7/2021 13:40,86.3424
9/7/2021 13:45,86.3524
9/7/2021 13:50,109.4172
9/7/2021 13:55,93.01
9/7/2021 14:00,79.32811
9/7/2021 14:05,84.419
9/7/2021 14:10,87.7824
9/7/2021 14:15,87.8024
9/7/2021 14:20,90
9/7/2021 14:25,92.91
9/7/2021 14:30,112.131016
9/7/2021 14:35,121.626453
9/7/2021 14:40,129.65258
9/7/2021 14:45,101.0027
9/7/2021 14:50,107.773086
9/7/2021 14:55,112.687626
9/7/2021 15:00,86.09884
9/7/2021 15:05,85.897756
9/7/2021 15:10,84.290046
9/7/2021 15:15,84.626233
9/7/2021 15:20,88.853233
9/7/2021 15:25,91.954216
9/7/2021 15:30,96.267363
9/7/2021 15:35,97.014303
9/7/2021 15:40,104.79318
9/7/2021 15:45,123.510463
9/7/2021 15:50,123.510463
9/7/2021 15:55,120.58472
9/7/2021 16:00,94.92
9/7/2021 16:05,94.92
9/7/2021 16:10,94.92
9/7/2021 16:15,102.8176
9/7/2021 16:20,108.3412
9/7/2021 16:25,101.49951
9/7/2021 16:30,111.69585
9/7/2021 16:35,113.333826
9/7/2021 16:40,125.476486
9/7/2021 16:45,124.901776
9/7/2021 16:50,125.78643
9/7/2021 16:55,127.756206
9/7/2021 17:00,93.09
9/7/2021 17:05,92.98
9/7/2021 17:10,91.52
9/7/2021 17:15,93.9612
9/7/2021 17:20,102.8176
9/7/2021 17:25,109.978
9/7/2021 17:30,135.281803
9/7/2021 17:35,184.487683
9/7/2021 17:40,521.62552
9/7/2021 17:45,924.333433
9/7/2021 17:50,1039.4789
9/7/2021 17:55,852.822866
9/7/2021 18:00,153.826473
9/7/2021 18:05,133.824013
9/7/2021 18:10,144.74006
9/7/2021 18:15,184.200403
9/7/2021 18:20,360.57927
9/7/2021 18:25,591.14038
9/7/2021 18:30,352.139873
9/7/2021 18:35,781.466633
9/7/2021 18:40,985.1
9/7/2021 18:45,898.939466
9/7/2021 18:50,363.8425
9/7/2021 18:55,350.124443
9/7/2021 19:00,153.004533
9/7/2021 19:05,125.456273
9/7/2021 19:10,115.32329
9/7/2021 19:15,95.79853
9/7/2021 19:20,95.79853
9/7/2021 19:25,92.988003
9/7/2021 19:30,91.342776
9/7/2021 19:35,92.071246
9/7/2021 19:40,92.934923
9/7/2021 19:45,89.512693
9/7/2021 19:50,91.150506
9/7/2021 19:55,90.529326
9/7/2021 20:00,90.79181
9/7/2021 20:05,89.75679
9/7/2021 20:10,81.889963
9/7/2021 20:15,82.58844
9/7/2021 20:20,84.028256
9/7/2021 20:25,80.869773
9/7/2021 20:30,79.443726
9/7/2021 20:35,79.867666
9/7/2021 20:40,76.631043
9/7/2021 20:45,76.9434
9/7/2021 20:50,72.994933
9/7/2021 20:55,74.98961
9/7/2021 21:00,74.98961
9/7/2021 21:05,76.688223
9/7/2021 21:10,73.917076
9/7/2021 21:15,72.98709
9/7/2021 21:20,72.323816
9/7/2021 21:25,71.537743
9/7/2021 21:30,72.606473
9/7/2021 21:35,72.606473
9/7/2021 21:40,72.606473
9/7/2021 21:45,72.352526
9/7/2021 21:50,70.859833
9/7/2021 21:55,69.760613
9/7/2021 22:00,75.431493
9/7/2021 22:05,75.790486
9/7/2021 22:10,73.337923
9/7/2021 22:15,72.054933
9/7/2021 22:20,71.587006
9/7/2021 22:25,72.040296
9/7/2021 22:30,70.91792
9/7/2021 22:35,67.722293
9/7/2021 22:40,67.247593
9/7/2021 22:45,69.321073
9/7/2021 22:50,66.818613
9/7/2021 22:55,66.256756
9/7/2021 23:00,68.53999
9/7/2021 23:05,71.371756
9/7/2021 23:10,69.687796
9/7/2021 23:15,66.49406
9/7/2021 23:20,67.90217
9/7/2021 23:25,68.079626
9/7/2021 23:30,66.385553
9/7/2021 23:35,62.39091
9/7/2021 23:40,61.88505
9/7/2021 23:45,59.570176
9/7/2021 23:50,59.343313
9/7/2021 23:55,57.129446
9/8/2021 0:00,80.15194
9/8/2021 0:05,80.15194
9/8/2021 0:10,66.360203
9/8/2021 0:15,75.372153
9/8/2021 0:20,79.65406
9/8/2021 0:25,72.621173
9/8/2021 0:30,78.376823
9/8/2021 0:35,69.002473
9/8/2021 0:40,63.728683
9/8/2021 0:45,60.951893
9/8/2021 0:50,57.996703
9/8/2021 0:55,56.643303
9/8/2021 1:00,60.02682
9/8/2021 1:05,64.387286
9/8/2021 1:10,67.72979
9/8/2021 1:15,63.69337
9/8/2021 1:20,62.128033
9/8/2021 1:25,60.768213
9/8/2021 1:30,65.24977
9/8/2021 1:35,65.816653
9/8/2021 1:40,66.997316
9/8/2021 1:45,63.578043
9/8/2021 1:50,61.812946
9/8/2021 1:55,58.37396
9/8/2021 2:00,60.746186
9/8/2021 2:05,63.819503
9/8/2021 2:10,65.44121
9/8/2021 2:15,58.481703
9/8/2021 2:20,56.108686
9/8/2021 2:25,54.054686
9/8/2021 2:30,53.32221
9/8/2021 2:35,52.943203
9/8/2021 2:40,50.996723
9/8/2021 2:45,51.07475
9/8/2021 2:50,50.913626
9/8/2021 2:55,50.98446
9/8/2021 3:00,54.318766
9/8/2021 3:05,52.19428
9/8/2021 3:10,50.90769
9/8/2021 3:15,51.135846
9/8/2021 3:20,51.135846
9/8/2021 3:25,51.752973
9/8/2021 3:30,49.21448
9/8/2021 3:35,49.3659
9/8/2021 3:40,49.1625
9/8/2021 3:45,49.378216
9/8/2021 3:50,49.374
9/8/2021 3:55,49.952753
9/8/2021 4:00,48.016436
9/8/2021 4:05,48.533006
9/8/2021 4:10,49.661073
9/8/2021 4:15,49.26573
9/8/2021 4:20,50.099366
9/8/2021 4:25,53.29553
9/8/2021 4:30,52.419563
9/8/2021 4:35,56.53222
9/8/2021 4:40,59.732476
9/8/2021 4:45,61.341076
9/8/2021 4:50,63.31066
9/8/2021 4:55,72.704983
9/8/2021 5:00,68.413203
9/8/2021 5:05,74.050616
9/8/2021 5:10,77.80957
9/8/2021 5:15,80.491656
9/8/2021 5:20,81.41833
9/8/2021 5:25,86.1749
9/8/2021 5:30,93.333496
9/8/2021 5:35,93.62345
9/8/2021 5:40,99.63395
9/8/2021 5:45,84.67048
9/8/2021 5:50,85.593116
9/8/2021 5:55,104.11532
9/8/2021 6:00,80.083416
9/8/2021 6:05,87.620696
9/8/2021 6:10,95.27347
9/8/2021 6:15,99.251413
9/8/2021 6:20,99.56423
9/8/2021 6:25,100.01178
9/8/2021 6:30,106.02943
9/8/2021 6:35,105.388166
9/8/2021 6:40,103.075263
9/8/2021 6:45,102.574486
9/8/2021 6:50,103.431856
9/8/2021 6:55,100.940536
9/8/2021 7:00,129.92053
9/8/2021 7:05,109.884363
9/8/2021 7:10,108.789466
9/8/2021 7:15,96.816243
9/8/2021 7:20,80.838153
9/8/2021 7:25,79.482943
9/8/2021 7:30,78.401823
9/8/2021 7:35,72.454043
9/8/2021 7:40,71.63708
9/8/2021 7:45,67.922846
9/8/2021 7:50,62.43119
9/8/2021 7:55,55.381706
9/8/2021 8:00,63.02652
9/8/2021 8:05,59.319506
9/8/2021 8:10,51.49244
9/8/2021 8:15,48.4824
9/8/2021 8:20,48.1924
9/8/2021 8:25,47.95719
9/8/2021 8:30,47.78943
9/8/2021 8:35,47.767406
9/8/2021 8:40,47.93276
9/8/2021 8:45,47.08141
9/8/2021 8:50,46.80069
9/8/2021 8:55,46.221743
9/8/2021 9:00,48.638666
9/8/2021 9:05,49.02083
9/8/2021 9:10,49.442876
9/8/2021 9:15,49.397463
9/8/2021 9:20,47.988786
9/8/2021 9:25,48.205266
9/8/2021 9:30,48.836
9/8/2021 9:35,48.620813
9/8/2021 9:40,47.02284
9/8/2021 9:45,47.88713
9/8/2021 9:50,48.158233
9/8/2021 9:55,46.737546
9/8/2021 10:00,50.1063
9/8/2021 10:05,50.471776
9/8/2021 10:10,52.021023
9/8/2021 10:15,56.203503
9/8/2021 10:20,56.841563
9/8/2021 10:25,58.25478
9/8/2021 10:30,57.698493
9/8/2021 10:35,59.55495
9/8/2021 10:40,60.743023
9/8/2021 10:45,60.989503
9/8/2021 10:50,61.501306
9/8/2021 10:55,63.334296
9/8/2021 11:00,65.69984
9/8/2021 11:05,68.143146
9/8/2021 11:10,66.238303
9/8/2021 11:15,61.63475
9/8/2021 11:20,62.185333
9/8/2021 11:25,64.185436
9/8/2021 11:30,71.76422
9/8/2021 11:35,78.150256
9/8/2021 11:40,80.63578
9/8/2021 11:45,85.789103
9/8/2021 11:50,87.312743
9/8/2021 11:55,88.897793
9/8/2021 12:00,79.969573
9/8/2021 12:05,73.851186
9/8/2021 12:10,75.203533
9/8/2021 12:15,80.865906
9/8/2021 12:20,82.244696
9/8/2021 12:25,80.685993
9/8/2021 12:30,80.69934
9/8/2021 12:35,85.86543
9/8/2021 12:40,89.94852
9/8/2021 12:45,110.267593
9/8/2021 12:50,110.587656
9/8/2021 12:55,110.587656
9/8/2021 13:00,96.566473
9/8/2021 13:05,96.86581
9/8/2021 13:10,99.853506
9/8/2021 13:15,102.919826
9/8/2021 13:20,110.970343
9/8/2021 13:25,119.03708
9/8/2021 13:30,112.037336
9/8/2021 13:35,112.04658
9/8/2021 13:40,115.28582
9/8/2021 13:45,122.829693
9/8/2021 13:50,133.38817
9/8/2021 13:55,144.204826
9/8/2021 14:00,125.218286
9/8/2021 14:05,118.72433
9/8/2021 14:10,116.47501
9/8/2021 14:15,124.736746
9/8/2021 14:20,125.482336
9/8/2021 14:25,132.306536
9/8/2021 14:30,146.66794
9/8/2021 14:35,215.431996
9/8/2021 14:40,264.738206
9/8/2021 14:45,270.1095
9/8/2021 14:50,396.363943
9/8/2021 14:55,445.45385
9/8/2021 15:00,165.125026
9/8/2021 15:05,139.93498
9/8/2021 15:10,150.38298
9/8/2021 15:15,165.034286
9/8/2021 15:20,164.182353
9/8/2021 15:25,164.1847
9/8/2021 15:30,164.047816
9/8/2021 15:35,164.018553
9/8/2021 15:40,163.984226
9/8/2021 15:45,179.18472
9/8/2021 15:50,163.860823
9/8/2021 15:55,153.17783
9/8/2021 16:00,127.33339
9/8/2021 16:05,123.723176
9/8/2021 16:10,117.153956
9/8/2021 16:15,120.95161
9/8/2021 16:20,124.798903
9/8/2021 16:25,120.942006
9/8/2021 16:30,127.522476
9/8/2021 16:35,127.750963
9/8/2021 16:40,131.563436
9/8/2021 16:45,135.1276
9/8/2021 16:50,148.8812
9/8/2021 16:55,148.8812
9/8/2021 17:00,127.366623
9/8/2021 17:05,122.907796
9/8/2021 17:10,117.232206
9/8/2021 17:15,123.84712
9/8/2021 17:20,128.598223
9/8/2021 17:25,135.792996
9/8/2021 17:30,151.403793
9/8/2021 17:35,152.028913
9/8/2021 17:40,173.731893
9/8/2021 17:45,203.06991
9/8/2021 17:50,250.801283
9/8/2021 17:55,355.42764
9/8/2021 18:00,186.71081
9/8/2021 18:05,179.004093
9/8/2021 18:10,187.965066
9/8/2021 18:15,335.858823
9/8/2021 18:20,348.50668
9/8/2021 18:25,411.560856
9/8/2021 18:30,409.208136
9/8/2021 18:35,418.430016
9/8/2021 18:40,500.39991
9/8/2021 18:45,405.535156
9/8/2021 18:50,434.10219
9/8/2021 18:55,667.729866
9/8/2021 19:00,171.4612
9/8/2021 19:05,166.35
9/8/2021 19:10,151.79956
9/8/2021 19:15,145.1
9/8/2021 19:20,131.8
9/8/2021 19:25,130.9324
9/8/2021 19:30,123.6
9/8/2021 19:35,124.9
9/8/2021 19:40,123.6
9/8/2021 19:45,123.83012
9/8/2021 19:50,123.6
9/8/2021 19:55,122.77022
9/8/2021 20:00,135.802046
9/8/2021 20:05,133.509393
9/8/2021 20:10,129.82884
9/8/2021 20:15,130.220016
9/8/2021 20:20,133.258863
9/8/2021 20:25,129.36846
9/8/2021 20:30,124.91178
9/8/2021 20:35,122.186636
9/8/2021 20:40,118.199073
9/8/2021 20:45,119.164013
9/8/2021 20:50,117.537873
9/8/2021 20:55,117.537873
9/8/2021 21:00,122.20505
9/8/2021 21:05,129.35684
9/8/2021 21:10,126.621186
9/8/2021 21:15,124.169003
9/8/2021 21:20,121.484686
9/8/2021 21:25,117.64588
9/8/2021 21:30,118.14504
9/8/2021 21:35,116.407976
9/8/2021 21:40,113.896133
9/8/2021 21:45,107.860506
9/8/2021 21:50,107.248416
9/8/2021 21:55,98.69271
9/8/2021 22:00,117.563293
9/8/2021 22:05,117.186703
9/8/2021 22:10,107.384136
9/8/2021 22:15,96.677586
9/8/2021 22:20,96.62949
9/8/2021 22:25,92.426363
9/8/2021 22:30,92.063896
9/8/2021 22:35,92.417153
9/8/2021 22:40,84.086566
9/8/2021 22:45,90.616636
9/8/2021 22:50,84.36804
9/8/2021 22:55,81.39252
9/8/2021 23:00,94.340393
9/8/2021 23:05,94.340393
9/8/2021 23:10,93.865746
9/8/2021 23:15,92.999066
9/8/2021 23:20,88.25445
9/8/2021 23:25,84.484066
9/8/2021 23:30,80.740853
9/8/2021 23:35,79.584193
9/8/2021 23:40,79.933436
9/8/2021 23:45,77.90786
9/8/2021 23:50,77.682776
9/8/2021 23:55,76.850613
9/9/2021 0:00,109.938456
9/9/2021 0:05,110.969766
9/9/2021 0:10,110.969766
9/9/2021 0:15,110.332786
9/9/2021 0:20,111.870733
9/9/2021 0:25,111.077676
9/9/2021 0:30,107.76114
9/9/2021 0:35,105.547296
9/9/2021 0:40,93.49779
9/9/2021 0:45,95.536203
9/9/2021 0:50,85.644703
9/9/2021 0:55,83.270026
9/9/2021 1:00,105.687243
9/9/2021 1:05,95.586796
9/9/2021 1:10,93.72068
9/9/2021 1:15,93.533566
9/9/2021 1:20,86.25895
9/9/2021 1:25,84.48444
9/9/2021 1:30,85.677293
9/9/2021 1:35,84.110206
9/9/2021 1:40,81.820296
9/9/2021 1:45,70.793573
9/9/2021 1:50,70.157753
9/9/2021 1:55,64.329693
9/9/2021 2:00,95.728066
9/9/2021 2:05,86.569463
9/9/2021 2:10,86.569463
9/9/2021 2:15,84.630706
9/9/2021 2:20,85.442806
9/9/2021 2:25,89.78585
9/9/2021 2:30,85.553353
9/9/2021 2:35,85.553353
9/9/2021 2:40,88.407513
9/9/2021 2:45,86.254636
9/9/2021 2:50,84.604256
9/9/2021 2:55,82.367516
9/9/2021 3:00,102.35521
9/9/2021 3:05,97.440696
9/9/2021 3:10,102.392306
9/9/2021 3:15,107.31096
9/9/2021 3:20,113.847346
9/9/2021 3:25,113.847346
9/9/2021 3:30,110.488356
9/9/2021 3:35,85.62784
9/9/2021 3:40,107.200996
9/9/2021 3:45,106.08851
9/9/2021 3:50,93.383366
9/9/2021 3:55,92.89349
9/9/2021 4:00,93.51639
9/9/2021 4:05,90.540356
9/9/2021 4:10,91.94999
9/9/2021 4:15,90.52037
9/9/2021 4:20,90.52037
9/9/2021 4:25,90.37109
9/9/2021 4:30,90.292016
9/9/2021 4:35,90.71699
9/9/2021 4:40,90.292016
9/9/2021 4:45,90.919346
9/9/2021 4:50,90.919346
9/9/2021 4:55,94.440796
9/9/2021 5:00,85.53385
9/9/2021 5:05,87.290716
9/9/2021 5:10,88.408366
9/9/2021 5:15,91.125103
9/9/2021 5:20,86.3002
9/9/2021 5:25,87.205203
9/9/2021 5:30,89.863126
9/9/2021 5:35,92.845096
9/9/2021 5:40,94.91955
9/9/2021 5:45,110.305463
9/9/2021 5:50,111.11642
9/9/2021 5:55,102.597723
9/9/2021 6:00,99.210946
9/9/2021 6:05,95.699016
9/9/2021 6:10,97.30931
9/9/2021 6:15,97.335053
9/9/2021 6:20,99.005596
9/9/2021 6:25,102.174943
9/9/2021 6:30,115.472856
9/9/2021 6:35,112.03065
9/9/2021 6:40,115.56314
9/9/2021 6:45,123.507546
9/9/2021 6:50,115.25147
9/9/2021 6:55,122.817893
9/9/2021 7:00,121.700053
9/9/2021 7:05,117.438576
9/9/2021 7:10,115.06894
9/9/2021 7:15,113.194253
9/9/2021 7:20,102.141003
9/9/2021 7:25,93.211186
9/9/2021 7:30,100.75454
9/9/2021 7:35,97.534433
9/9/2021 7:40,93.132253
9/9/2021 7:45,83.693136
9/9/2021 7:50,66.418193
9/9/2021 7:55,65.896016
9/9/2021 8:00,107.72525
9/9/2021 8:05,95.8467
9/9/2021 8:10,84.65713
9/9/2021 8:15,67.68902
9/9/2021 8:20,63.50989
9/9/2021 8:25,67.00175
9/9/2021 8:30,71.704263
9/9/2021 8:35,67.539346
9/9/2021 8:40,64.59581
9/9/2021 8:45,73.415183
9/9/2021 8:50,88.089453
9/9/2021 8:55,87.953156
9/9/2021 9:00,92.9
9/9/2021 9:05,70.70227
9/9/2021 9:10,71.5912
9/9/2021 9:15,78.32
9/9/2021 9:20,78.11
9/9/2021 9:25,79.53641
9/9/2021 9:30,72.85
9/9/2021 9:35,68.1212
9/9/2021 9:40,94.8376
9/9/2021 9:45,94.2076
9/9/2021 9:50,78.11
9/9/2021 9:55,64.1888
9/9/2021 10:00,80.543536
9/9/2021 10:05,80.543536
9/9/2021 10:10,81.317136
9/9/2021 10:15,79.333583
9/9/2021 10:20,80.495636
9/9/2021 10:25,78.12215
9/9/2021 10:30,80.524783
9/9/2021 10:35,83.568953
9/9/2021 10:40,86.960336
9/9/2021 10:45,80.928453
9/9/2021 10:50,91.431876
9/9/2021 10:55,95.274586
9/9/2021 11:00,95.274586
9/9/2021 11:05,92.9549
9/9/2021 11:10,98.416943
9/9/2021 11:15,103.144633
9/9/2021 11:20,103.615943
9/9/2021 11:25,107.136623
9/9/2021 11:30,110.41973
9/9/2021 11:35,110.48894
9/9/2021 11:40,110.48894
9/9/2021 11:45,115.21726
9/9/2021 11:50,117.23927
9/9/2021 11:55,121.637453
9/9/2021 12:00,114.550703
9/9/2021 12:05,114.553233
9/9/2021 12:10,118.056703
9/9/2021 12:15,125.536786
9/9/2021 12:20,127.09139
9/9/2021 12:25,130.719356
9/9/2021 12:30,131.245943
9/9/2021 12:35,133.498916
9/9/2021 12:40,132.737103
9/9/2021 12:45,151.72013
9/9/2021 12:50,151.38044
9/9/2021 12:55,189.76824
9/9/2021 13:00,149.697203
9/9/2021 13:05,143.46019
9/9/2021 13:10,127.878066
9/9/2021 13:15,128.266583
9/9/2021 13:20,138.650233
9/9/2021 13:25,140.08631
9/9/2021 13:30,136.927586
9/9/2021 13:35,138.420983
9/9/2021 13:40,141.671503
9/9/2021 13:45,153.2849
9/9/2021 13:50,157.986763
9/9/2021 13:55,190.92544
9/9/2021 14:00,141.24144
9/9/2021 14:05,141.52437
9/9/2021 14:10,142.686143
9/9/2021 14:15,157.364176
9/9/2021 14:20,168.526413
9/9/2021 14:25,202.527113
9/9/2021 14:30,198.570766
9/9/2021 14:35,204.719436
9/9/2021 14:40,206.98436
9/9/2021 14:45,261.94843
9/9/2021 14:50,222.965843
9/9/2021 14:55,231.883846
9/9/2021 15:00,189.63428
9/9/2021 15:05,169.096303
9/9/2021 15:10,169.096303
9/9/2021 15:15,177.731403
9/9/2021 15:20,169.088386
9/9/2021 15:25,196.910586
9/9/2021 15:30,202.172773
9/9/2021 15:35,306.911336
9/9/2021 15:40,279.06492
9/9/2021 16:15,170.28
9/9/2021 16:20,184.7524
9/9/2021 16:25,170.28
9/9/2021 16:30,186.866946
9/9/2021 16:35,186.29455
9/9/2021 16:40,189.444096
9/9/2021 16:45,166.77517
9/9/2021 16:50,190.36872
9/9/2021 16:55,166.77517
9/9/2021 17:00,142.63132
9/9/2021 17:05,143.770386
9/9/2021 17:10,142.63132
9/9/2021 17:15,157.69371
9/9/2021 17:20,160.14107
9/9/2021 17:25,168.013936
9/9/2021 17:30,167.41706
9/9/2021 17:35,190.788403
9/9/2021 17:40,205.316246
9/9/2021 17:45,227.155736
9/9/2021 17:50,304.680643
9/9/2021 17:55,308.32172
9/9/2021 18:00,201.909393
9/9/2021 18:05,180.919866
9/9/2021 18:10,186.07549
9/9/2021 18:15,184.464316
9/9/2021 18:20,187.325673
9/9/2021 18:25,187.325673
9/9/2021 18:30,166.156866
9/9/2021 18:35,166.156866
9/9/2021 18:40,159.711356
9/9/2021 18:45,159.943976
9/9/2021 18:50,158.029963
9/9/2021 18:55,158.029963
9/9/2021 19:00,158.67
9/9/2021 19:05,163.3
9/9/2021 19:10,163.3
9/9/2021 19:15,163.34
9/9/2021 19:20,163.3
9/9/2021 19:25,163.3
9/9/2021 19:30,163.34
9/9/2021 19:35,164.5012
9/9/2021 19:40,163.3
9/9/2021 19:45,158.86464
9/9/2021 19:50,157.37257
9/9/2021 19:55,156.58403
9/9/2021 20:00,112.01914
9/9/2021 20:05,111.751883
9/9/2021 20:10,113.461003
9/9/2021 20:15,111.760566
9/9/2021 20:20,111.760566
9/9/2021 20:25,111.60652
9/9/2021 20:30,113.62935
9/9/2021 20:35,115.64213
9/9/2021 20:40,112.669453
9/9/2021 20:45,110.890906
9/9/2021 20:50,106.17265
9/9/2021 20:55,104.981196
9/9/2021 21:00,115.52959
9/9/2021 21:05,114.020086
9/9/2021 21:10,111.413386
9/9/2021 21:15,111.2274
9/9/2021 21:20,107.23103
9/9/2021 21:25,103.553216
9/9/2021 21:30,112.625193
9/9/2021 21:35,107.08948
9/9/2021 21:40,103.672566
9/9/2021 21:45,94.339116
9/9/2021 21:50,93.400243
9/9/2021 21:55,92.559176
9/9/2021 22:00,114.766233
9/9/2021 22:05,124.872643
9/9/2021 22:10,124.17643
9/9/2021 22:15,107.533553
9/9/2021 22:20,101.9672
9/9/2021 22:25,93.973993
9/9/2021 22:30,99.89282
9/9/2021 22:35,93.35645
9/9/2021 22:40,92.37689
9/9/2021 22:45,86.875933
9/9/2021 22:50,86.170293
9/9/2021 22:55,83.623743
9/9/2021 23:00,95.737686
9/9/2021 23:05,95.088076
9/9/2021 23:10,95.043496
9/9/2021 23:15,88.943936
9/9/2021 23:20,87.564666
9/9/2021 23:25,84.063143
9/9/2021 23:30,80.083243
9/9/2021 23:35,76.60495
9/9/2021 23:40,74.28085
9/9/2021 23:45,73.57081
9/9/2021 23:50,71.398016
9/9/2021 23:55,69.28147
9/10/2021 0:00,96.42568
9/10/2021 0:05,97.717376
9/10/2021 0:10,95.17176
9/10/2021 0:15,94.60925
9/10/2021 0:20,77.565693
9/10/2021 0:25,74.536946
9/10/2021 0:30,76.897893
9/10/2021 0:35,70.707316
9/10/2021 0:40,67.626516
9/10/2021 0:45,70.65633
9/10/2021 0:50,75.336616
9/10/2021 0:55,68.104543
9/10/2021 1:00,89.8096
9/10/2021 1:05,88.191323
9/10/2021 1:10,76.119923
9/10/2021 1:15,87.220353
9/10/2021 1:20,86.30503
9/10/2021 1:25,75.9287
9/10/2021 1:30,66.59459
9/10/2021 1:35,68.658106
9/10/2021 1:40,68.72084
9/10/2021 1:45,70.253303
9/10/2021 1:50,74.240443
9/10/2021 1:55,78.69974
9/10/2021 2:00,92.566723
9/10/2021 2:05,86.828706
9/10/2021 2:10,85.263813
9/10/2021 2:15,73.768766
9/10/2021 2:20,70.95793
9/10/2021 2:25,69.05941
9/10/2021 2:30,66.9212
9/10/2021 2:35,65.25108
9/10/2021 2:40,61.68584
9/10/2021 2:45,62.68228
9/10/2021 2:50,58.481053
9/10/2021 2:55,59.374043
9/10/2021 3:00,62.111703
9/10/2021 3:05,63.525186
9/10/2021 3:10,62.82843
9/10/2021 3:15,61.872116
9/10/2021 3:20,61.86843
9/10/2021 3:25,62.296063
9/10/2021 3:30,64.598036
9/10/2021 3:35,66.088876
9/10/2021 3:40,66.23169
9/10/2021 3:45,65.67124
9/10/2021 3:50,66.145273
9/10/2021 3:55,66.237693
9/10/2021 4:00,66.04193
9/10/2021 4:05,70.234873
9/10/2021 4:10,69.696913
9/10/2021 4:15,75.70584
9/10/2021 4:20,77.697473
9/10/2021 4:25,74.13904
9/10/2021 4:30,69.528773
9/10/2021 4:35,74.87327
9/10/2021 4:40,74.248933
9/10/2021 4:45,78.0468
9/10/2021 4:50,78.0468
9/10/2021 4:55,83.32584
9/10/2021 5:00,65.531963
9/10/2021 5:05,65.600876
9/10/2021 5:10,65.531963
9/10/2021 5:15,67.355416
9/10/2021 5:20,70.60647
9/10/2021 5:25,81.874993
9/10/2021 5:30,81.972213
9/10/2021 5:35,85.701753
9/10/2021 5:40,92.981323
9/10/2021 5:45,95.79882
9/10/2021 5:50,97.53
9/10/2021 5:55,100.579646
9/10/2021 6:00,74.858526
9/10/2021 6:05,77.389993
9/10/2021 6:10,79.406566
9/10/2021 6:15,81.07126
9/10/2021 6:20,81.429163
9/10/2021 6:25,90.515113
9/10/2021 6:30,91.0634
9/10/2021 6:35,97.069176
9/10/2021 6:40,97.048703
9/10/2021 6:45,109.169283
9/10/2021 6:50,108.575416
9/10/2021 6:55,100.167853
9/10/2021 7:00,95.56623
9/10/2021 7:05,88.943763
9/10/2021 7:10,74.418766
9/10/2021 7:15,74.868583
9/10/2021 7:20,73.0184
9/10/2021 7:25,69.84849
9/10/2021 7:30,72.77823
9/10/2021 7:35,74.548843
9/10/2021 7:40,88.460653
9/10/2021 7:45,88.648386
9/10/2021 7:50,86.830666
9/10/2021 7:55,68.425886
9/10/2021 8:00,88.584836
9/10/2021 8:05,78.353253
9/10/2021 8:10,73.31936
9/10/2021 8:15,72.86411
9/10/2021 8:20,66.375613
9/10/2021 8:25,61.494903
9/10/2021 8:30,58.29959
9/10/2021 8:35,55.770326
9/10/2021 8:40,53.96911
9/10/2021 8:45,53.757346
9/10/2021 8:50,53.604233
9/10/2021 8:55,52.45019
9/10/2021 9:00,54.8139
9/10/2021 9:05,54.619283
9/10/2021 9:10,55.066826
9/10/2021 9:15,53.718473
9/10/2021 9:20,52.38943
9/10/2021 9:25,50.780973
9/10/2021 9:30,50.882576
9/10/2021 9:35,50.947286
9/10/2021 9:40,51.00318
9/10/2021 9:45,50.120733
9/10/2021 9:50,50.120733
9/10/2021 9:55,49.887446
9/10/2021 10:00,50.00765
9/10/2021 10:05,49.34424
9/10/2021 10:10,50.00765
9/10/2021 10:15,52.742263
9/10/2021 10:20,52.742263
9/10/2021 10:25,61.943086
9/10/2021 10:30,61.826696
9/10/2021 10:35,59.24456
9/10/2021 10:40,54.104216
9/10/2021 10:45,57.62662
9/10/2021 10:50,54.5167
9/10/2021 10:55,58.989543
9/10/2021 11:00,52.76734
9/10/2021 11:05,52.24586
9/10/2021 11:10,52.973783
9/10/2021 11:15,58.789983
9/10/2021 11:20,55.489856
9/10/2021 11:25,52.21568
9/10/2021 11:30,52.420336
9/10/2021 11:35,58.515143
9/10/2021 11:40,59.05878
9/10/2021 11:45,63.207976
9/10/2021 11:50,64.77692
9/10/2021 11:55,66.091283
9/10/2021 12:00,60.99257
9/10/2021 12:05,61.206896
9/10/2021 12:10,63.047286
9/10/2021 12:15,58.746086
9/10/2021 12:20,59.500863
9/10/2021 12:25,64.861843
9/10/2021 12:30,63.617723
9/10/2021 12:35,65.20952
9/10/2021 12:40,66.231243
9/10/2021 12:45,68.340896
9/10/2021 12:50,68.463503
9/10/2021 12:55,71.127696
9/10/2021 13:00,64.20698
9/10/2021 13:05,64.331766
9/10/2021 13:10,63.324156
9/10/2021 13:15,57.155326
9/10/2021 13:20,58.48677
9/10/2021 13:25,59.33974
9/10/2021 13:30,58.412153
9/10/2021 13:35,58.183346
9/10/2021 13:40,59.87475
9/10/2021 13:45,61.397893
9/10/2021 13:50,60.404963
9/10/2021 13:55,60.322206
9/10/2021 14:00,55.69479
9/10/2021 14:05,56.435663
9/10/2021 14:10,56.301663
9/10/2021 14:15,57.826376
9/10/2021 14:20,57.336446
9/10/2021 14:25,56.844216
9/10/2021 14:30,56.58727
9/10/2021 14:35,56.741146
9/10/2021 14:40,57.29818
9/10/2021 14:45,57.435523
9/10/2021 14:50,58.170353
9/10/2021 14:55,57.687163
9/10/2021 15:00,57.281646
9/10/2021 15:05,56.62166
9/10/2021 15:10,57.957233
9/10/2021 15:15,61.79433
9/10/2021 15:20,58.238823
9/10/2021 15:25,59.759933
9/10/2021 15:30,61.766046
9/10/2021 15:35,64.860606
9/10/2021 15:40,66.23019
9/10/2021 15:45,68.827606
9/10/2021 15:50,70.85642
9/10/2021 15:55,71.105963
9/10/2021 16:00,56.898926
9/10/2021 16:05,59.686823
9/10/2021 16:10,62.546086
9/10/2021 16:15,62.20237
9/10/2021 16:20,58.991116
9/10/2021 16:25,61.414743
9/10/2021 16:30,59.944133
9/10/2021 16:35,66.312476
9/10/2021 16:40,75.619606
9/10/2021 16:45,83.446753
9/10/2021 16:50,88.346023
9/10/2021 16:55,96.2175
9/10/2021 17:00,68.100166
9/10/2021 17:05,67.415003
9/10/2021 17:10,67.36523
9/10/2021 17:15,71.6138
9/10/2021 17:20,76.63326
9/10/2021 17:25,77.59331
9/10/2021 17:30,74.88219
9/10/2021 17:35,77.356466
9/10/2021 17:40,89.144693
9/10/2021 17:45,109.3209
9/10/2021 17:50,109.73794
9/10/2021 17:55,110.001893
9/10/2021 18:00,87.868953
9/10/2021 18:05,83.406323
9/10/2021 18:10,74.51784
9/10/2021 18:15,81.671793
9/10/2021 18:20,89.453646
9/10/2021 18:25,90.874976
9/10/2021 18:30,101.903743
9/10/2021 18:35,89.388163
9/10/2021 18:40,88.278016
9/10/2021 18:45,84.703133
9/10/2021 18:50,83.186263
9/10/2021 18:55,81.57128
9/10/2021 19:00,78.610483
9/10/2021 19:05,77.877673
9/10/2021 19:10,77.19561
9/10/2021 19:15,76.18612
9/10/2021 19:20,74.473863
9/10/2021 19:25,72.04144
9/10/2021 19:30,69.97417
9/10/2021 19:35,67.13
9/10/2021 19:40,66.325973
9/10/2021 19:45,65.69539
9/10/2021 19:50,63.085803
9/10/2021 19:55,59.86708
9/10/2021 20:00,71.89103
9/10/2021 20:05,70.102096
9/10/2021 20:10,66.40444
9/10/2021 20:15,69.408826
9/10/2021 20:20,67.136103
9/10/2021 20:25,65.921406
9/10/2021 20:30,66.87393
9/10/2021 20:35,65.785446
9/10/2021 20:40,63.36157
9/10/2021 20:45,61.66697
9/10/2021 20:50,61.959163
9/10/2021 20:55,60.12982
9/10/2021 21:00,76.689473
9/10/2021 21:05,76.689473
9/10/2021 21:10,72.672893
9/10/2021 21:15,69.625596
9/10/2021 21:20,67.3098
9/10/2021 21:25,65.356946
9/10/2021 21:30,65.87288
9/10/2021 21:35,64.049703
9/10/2021 21:40,62.248033
9/10/2021 21:45,62.122876
9/10/2021 21:50,60.121213
9/10/2021 21:55,57.28247
9/10/2021 22:00,70.73025
9/10/2021 22:05,76.025336
9/10/2021 22:10,71.613746
9/10/2021 22:15,70.471783
9/10/2021 22:20,70.389873
9/10/2021 22:25,66.825283
9/10/2021 22:30,64.54661
9/10/2021 22:35,63.039533
9/10/2021 22:40,63.039533
9/10/2021 22:45,62.837156
9/10/2021 22:50,62.321393
9/10/2021 22:55,61.368473
9/10/2021 23:00,74.589483
9/10/2021 23:05,70.528346
9/10/2021 23:10,64.914086
9/10/2021 23:15,63.838296
9/10/2021 23:20,64.274116
9/10/2021 23:25,64.274116
9/10/2021 23:30,60.49562
9/10/2021 23:35,55.346453
9/10/2021 23:40,55.23682
9/10/2021 23:45,54.107073
9/10/2021 23:50,54.54755
9/10/2021 23:55,52.17904
9/11/2021 0:00,56.341923
9/11/2021 0:05,55.907833
9/11/2021 0:10,56.341923
9/11/2021 0:15,56.2505
9/11/2021 0:20,56.173206
9/11/2021 0:25,54.92986
9/11/2021 0:30,57.029953
9/11/2021 0:35,56.461923
9/11/2021 0:40,56.461923
9/11/2021 0:45,55.962963
9/11/2021 0:50,54.39129
9/11/2021 0:55,54.8859
9/11/2021 1:00,56.28806
9/11/2021 1:05,54.975006
9/11/2021 1:10,54.80414
9/11/2021 1:15,53.488966
9/11/2021 1:20,53.87641
9/11/2021 1:25,53.301533
9/11/2021 1:30,52.65732
9/11/2021 1:35,50.647503
9/11/2021 1:40,50.621983
9/11/2021 1:45,50.577113
9/11/2021 1:50,50.567146
9/11/2021 1:55,50.424726
9/11/2021 2:00,50.52038
9/11/2021 2:05,51.116536
9/11/2021 2:10,51.35385
9/11/2021 2:15,51.303543
9/11/2021 2:20,51.499966
9/11/2021 2:25,50.800966
9/11/2021 2:30,50.93128
9/11/2021 2:35,50.813153
9/11/2021 2:40,50.861953
9/11/2021 2:45,50.375986
9/11/2021 2:50,49.88135
9/11/2021 2:55,49.200623
9/11/2021 3:00,50.552243
9/11/2021 3:05,50.552243
9/11/2021 3:10,50.38778
9/11/2021 3:15,50.516353
9/11/2021 3:20,49.854073
9/11/2021 3:25,49.818656
9/11/2021 3:30,49.92244
9/11/2021 3:35,49.731673
9/11/2021 3:40,49.92244
9/11/2021 3:45,49.54312
9/11/2021 3:50,49.54312
9/11/2021 3:55,49.55191
9/11/2021 4:00,50.46233
9/11/2021 4:05,50.703706
9/11/2021 4:10,50.711443
9/11/2021 4:15,50.769603
9/11/2021 4:20,50.382863
9/11/2021 4:25,50.24117
9/11/2021 4:30,49.39542
9/11/2021 4:35,49.5112
9/11/2021 4:40,49.93529
9/11/2021 4:45,50
9/11/2021 4:50,50
9/11/2021 4:55,50
9/11/2021 5:00,53.92254
9/11/2021 5:05,54.2757
9/11/2021 5:10,55.152753
9/11/2021 5:15,53.729346
9/11/2021 5:20,53.65468
9/11/2021 5:25,53.65468
9/11/2021 5:30,54.09771
9/11/2021 5:35,54.9988
9/11/2021 5:40,56.84273
9/11/2021 5:45,55.0024
9/11/2021 5:50,54.09771
9/11/2021 5:55,54.74082
9/11/2021 6:00,52.460446
9/11/2021 6:05,53.53316
9/11/2021 6:10,53.7768
9/11/2021 6:15,52.53096
9/11/2021 6:20,51.863983
9/11/2021 6:25,52.313356
9/11/2021 6:30,52.157153
9/11/2021 6:35,52.050463
9/11/2021 6:40,51.632273
9/11/2021 6:45,50.690196
9/11/2021 6:50,50.685666
9/11/2021 6:55,50.182286
9/11/2021 7:00,53.165193
9/11/2021 7:05,53.257326
9/11/2021 7:10,52.325003
9/11/2021 7:15,51.315483
9/11/2021 7:20,49.6299
9/11/2021 7:25,48.036363
9/11/2021 7:30,47.64906
9/11/2021 7:35,46.727466
9/11/2021 7:40,46.12232
9/11/2021 7:45,43.889036
9/11/2021 7:50,40.396703
9/11/2021 7:55,38.106253
9/11/2021 8:00,43.885466
9/11/2021 8:05,45.45456
9/11/2021 8:10,44.846076
9/11/2021 8:15,43.869056
9/11/2021 8:20,42.01498
9/11/2021 8:25,41.4115
9/11/2021 8:30,39.878893
9/11/2021 8:35,30.399413
9/11/2021 8:40,29.27453
9/11/2021 8:45,28.235516
9/11/2021 8:50,27.000946
9/11/2021 8:55,24.979066
9/11/2021 9:00,29.318363
9/11/2021 9:05,29.005596
9/11/2021 9:10,28.70788
9/11/2021 9:15,28.890676
9/11/2021 9:20,27.916216
9/11/2021 9:25,28.708853
9/11/2021 9:30,28.291966
9/11/2021 9:35,31.284163
9/11/2021 9:40,33.570083
9/11/2021 9:45,33.26425
9/11/2021 9:50,33.724693
9/11/2021 9:55,31.459003
9/11/2021 10:00,34.346486
9/11/2021 10:05,36.233653
9/11/2021 10:10,36.227996
9/11/2021 10:15,36.33166
9/11/2021 10:20,37.199703
9/11/2021 10:25,37.67714
9/11/2021 10:30,38.456486
9/11/2021 10:35,40.326903
9/11/2021 10:40,41.648603
9/11/2021 10:45,42.108853
9/11/2021 10:50,41.415723
9/11/2021 10:55,42.47197
9/11/2021 11:00,46.466636
9/11/2021 11:05,42.34663
9/11/2021 11:10,42.34663
9/11/2021 11:15,44.869893
9/11/2021 11:20,44.735613
9/11/2021 11:25,47.513726
9/11/2021 11:30,48.325953
9/11/2021 11:35,49.078756
9/11/2021 11:40,49.0169
9/11/2021 11:45,53.01925
9/11/2021 11:50,53.01925
9/11/2021 11:55,52.723833
9/11/2021 12:00,53.69933
9/11/2021 12:05,53.81661
9/11/2021 12:10,54.388813
9/11/2021 12:15,54.59368
9/11/2021 12:20,54.99731
9/11/2021 12:25,54.96758
9/11/2021 12:30,56.00686
9/11/2021 12:35,57.255293
9/11/2021 12:40,57.52973
9/11/2021 12:45,58.4813
9/11/2021 12:50,58.63973
9/11/2021 12:55,58.115213
9/11/2021 13:00,57.31827
9/11/2021 13:05,56.11165
9/11/2021 13:10,55.76802
9/11/2021 13:15,56.912606
9/11/2021 13:20,56.543673
9/11/2021 13:25,56.61619
9/11/2021 13:30,57.32429
9/11/2021 13:35,57.5209
9/11/2021 13:40,56.724796
9/11/2021 13:45,58.17386
9/11/2021 13:50,58.528493
9/11/2021 13:55,59.340846
9/11/2021 14:00,55.926166
9/11/2021 14:05,55.885493
9/11/2021 14:10,54.790546
9/11/2021 14:15,57.48345
9/11/2021 14:20,57.4781
9/11/2021 14:25,56.700006
9/11/2021 14:30,57.520346
9/11/2021 14:35,57.52036
9/11/2021 14:40,60.087706
9/11/2021 14:45,65.7876
9/11/2021 14:50,73.63
9/11/2021 14:55,69.9976
9/11/2021 15:00,58.29442
9/11/2021 15:05,57.314453
9/11/2021 15:10,57.314453
9/11/2021 15:15,57.460426
9/11/2021 15:20,56.57809
9/11/2021 15:25,58.289423
9/11/2021 15:30,59.891636
9/11/2021 15:35,59.99534
9/11/2021 15:40,62.18195
9/11/2021 15:45,61.527483
9/11/2021 15:50,63.228893
9/11/2021 15:55,64.997066
9/11/2021 16:00,54.863456
9/11/2021 16:05,54.863456
9/11/2021 16:10,57.127946
9/11/2021 16:15,57.325773
9/11/2021 16:20,58.689933
9/11/2021 16:25,59.99202
9/11/2021 16:30,60.24913
9/11/2021 16:35,65.913853
9/11/2021 16:40,68.616903
9/11/2021 16:45,76.070796
9/11/2021 16:50,77.258436
9/11/2021 16:55,76.201726
9/11/2021 17:00,56.701736
9/11/2021 17:05,56.604036
9/11/2021 17:10,56.917313
9/11/2021 17:15,58.44838
9/11/2021 17:20,60.138926
9/11/2021 17:25,64.025766
9/11/2021 17:30,65.71486
9/11/2021 17:35,75.69673
9/11/2021 17:40,89.43038
9/11/2021 17:45,99.465756
9/11/2021 17:50,116.34374
9/11/2021 17:55,121.08677
9/11/2021 18:00,72.03622
9/11/2021 18:05,72.03622
9/11/2021 18:10,93.91447
9/11/2021 18:15,86.725533
9/11/2021 18:20,99.946753
9/11/2021 18:25,99.262653
9/11/2021 18:30,97.875776
9/11/2021 18:35,99.921763
9/11/2021 18:40,110.361393
9/11/2021 18:45,100.14444
9/11/2021 18:50,99.552016
9/11/2021 18:55,78.592343
9/11/2021 19:00,84.755836
9/11/2021 19:05,78.879063
9/11/2021 19:10,75.402313
9/11/2021 19:15,74.886616
9/11/2021 19:20,72.28651
9/11/2021 19:25,69.925853
9/11/2021 19:30,70.666246
9/11/2021 19:35,66.646516
9/11/2021 19:40,63.003543
9/11/2021 19:45,61.036923
9/11/2021 19:50,60.276123
9/11/2021 19:55,58.076026
9/11/2021 20:00,63.264276
9/11/2021 20:05,61.22463
9/11/2021 20:10,60.353746
9/11/2021 20:15,61.204563
9/11/2021 20:20,60.655003
9/11/2021 20:25,59.932936
9/11/2021 20:30,60.442393
9/11/2021 20:35,60.104863
9/11/2021 20:40,60.374973
9/11/2021 20:45,59.25737
9/11/2021 20:50,59.839016
9/11/2021 20:55,59.25737
9/11/2021 21:00,81.896136
9/11/2021 21:05,76.325236
9/11/2021 21:10,76.870133
9/11/2021 21:15,67.31607
9/11/2021 21:20,64.927223
9/11/2021 21:25,65.106763
9/11/2021 21:30,65.358823
9/11/2021 21:35,61.844596
9/11/2021 21:40,61.1326
9/11/2021 21:45,60.762516
9/11/2021 21:50,60.78012
9/11/2021 21:55,62.09485
9/11/2021 22:00,72.0545
9/11/2021 22:05,72.98655
9/11/2021 22:10,81.51471
9/11/2021 22:15,82.745703
9/11/2021 22:20,78.61777
9/11/2021 22:25,72.977606
9/11/2021 22:30,71.451413
9/11/2021 22:35,65.79637
9/11/2021 22:40,63.506903
9/11/2021 22:45,61.21111
9/11/2021 22:50,60.67328
9/11/2021 22:55,60.227203
9/11/2021 23:00,65.40436
9/11/2021 23:05,65.42332
9/11/2021 23:10,61.67499
9/11/2021 23:15,59.560106
9/11/2021 23:20,63.928443
9/11/2021 23:25,63.624306
9/11/2021 23:30,65.823916
9/11/2021 23:35,61.094746
9/11/2021 23:40,61.094746
9/11/2021 23:45,59.227813
9/11/2021 23:50,59.264903
9/11/2021 23:55,58.79679
9/12/2021 0:00,76.866876
9/12/2021 0:05,75.70944
9/12/2021 0:10,70.325313
9/12/2021 0:15,70.4188
9/12/2021 0:20,65.455166
9/12/2021 0:25,68.532463
9/12/2021 0:30,61.9418
9/12/2021 0:35,62.862383
9/12/2021 0:40,61.282023
9/12/2021 0:45,57.85533
9/12/2021 0:50,56.21591
9/12/2021 0:55,54.497043
9/12/2021 1:00,58.162513
9/12/2021 1:05,58.659266
9/12/2021 1:10,58.968426
9/12/2021 1:15,59.06836
9/12/2021 1:20,59.370426
9/12/2021 1:25,58.409376
9/12/2021 1:30,56.94487
9/12/2021 1:35,57.262503
9/12/2021 1:40,56.49471
9/12/2021 1:45,56.188243
9/12/2021 1:50,56.188243
9/12/2021 1:55,54.74684
9/12/2021 2:00,56.824973
9/12/2021 2:05,55.71075
9/12/2021 2:10,54.80977
9/12/2021 2:15,53.940676
9/12/2021 2:20,57.980536
9/12/2021 2:25,57.420443
9/12/2021 2:30,57.960073
9/12/2021 2:35,57.1085
9/12/2021 2:40,57.1085
9/12/2021 2:45,57.171596
9/12/2021 2:50,54.641363
9/12/2021 2:55,51.69034
9/12/2021 3:00,52.554993
9/12/2021 3:05,53.087363
9/12/2021 3:10,53.186086
9/12/2021 3:15,54.521136
9/12/2021 3:20,55.228686
9/12/2021 3:25,54.426233
9/12/2021 3:30,54.700976
9/12/2021 3:35,52.584006
9/12/2021 3:40,52.584006
9/12/2021 3:45,52.49205
9/12/2021 3:50,52.393373
9/12/2021 3:55,50.5409
9/12/2021 4:00,52.400113
9/12/2021 4:05,51.967163
9/12/2021 4:10,52.93297
9/12/2021 4:15,54.53205
9/12/2021 4:20,56.59194
9/12/2021 4:25,56.676806
9/12/2021 4:30,54.9638
9/12/2021 4:35,54.9638
9/12/2021 4:40,54.731276
9/12/2021 4:45,53.586116
9/12/2021 4:50,54.286223
9/12/2021 4:55,50.90355
9/12/2021 5:00,51.069113
9/12/2021 5:05,52.655046
9/12/2021 5:10,52.287196
9/12/2021 5:15,53.389133
9/12/2021 5:20,53.465316
9/12/2021 5:25,54.1312
9/12/2021 5:30,55.065046
9/12/2021 5:35,54.435716
9/12/2021 5:40,54.852386
9/12/2021 5:45,54.94761
9/12/2021 5:50,55.541503
9/12/2021 5:55,55.749936
9/12/2021 6:00,54.673936
9/12/2021 6:05,54.780446
9/12/2021 6:10,55.856066
9/12/2021 6:15,56.608583
9/12/2021 6:20,56.7474
9/12/2021 6:25,56.19409
9/12/2021 6:30,57.79841
9/12/2021 6:35,57.649346
9/12/2021 6:40,54.994013
9/12/2021 6:45,51.189513
9/12/2021 6:50,51.77793
9/12/2021 6:55,52.229236
9/12/2021 7:00,52.262476
9/12/2021 7:05,53.041216
9/12/2021 7:10,51.795556
9/12/2021 7:15,52.011603
9/12/2021 7:20,49.922603
9/12/2021 7:25,49.09778
9/12/2021 7:30,48.339153
9/12/2021 7:35,47.65147
9/12/2021 7:40,45.46314
9/12/2021 7:45,45.46314
9/12/2021 7:50,45.46314
9/12/2021 7:55,45.85485
9/12/2021 8:00,45.51136
9/12/2021 8:05,47.505326
9/12/2021 8:10,45.495903
9/12/2021 8:15,58.116826
9/12/2021 8:20,45.28981
9/12/2021 8:25,44.645553
9/12/2021 8:30,44.645553
9/12/2021 8:35,44.645553
9/12/2021 8:40,13.76033
9/12/2021 8:45,20.77787
9/12/2021 8:50,27.90719
9/12/2021 8:55,31.207256
9/12/2021 9:00,29.47697
9/12/2021 9:05,31.791346
9/12/2021 9:10,31.992113
9/12/2021 9:15,40.638673
9/12/2021 9:20,41.261353
9/12/2021 9:25,41.29377
9/12/2021 9:30,42.007803
9/12/2021 9:35,42.00877
9/12/2021 9:40,41.346813
9/12/2021 9:45,41.598986
9/12/2021 9:50,41.573933
9/12/2021 9:55,41.754463
9/12/2021 10:00,43.794546
9/12/2021 10:05,44.432913
9/12/2021 10:10,45.91398
9/12/2021 10:15,45.821773
9/12/2021 10:20,47.02226
9/12/2021 10:25,47.016956
9/12/2021 10:30,48.481233
9/12/2021 10:35,50.377883
9/12/2021 10:40,51.376366
9/12/2021 10:45,50.306256
9/12/2021 10:50,52.323066
9/12/2021 10:55,49.022003
9/12/2021 11:00,44.537966
9/12/2021 11:05,44.537966
9/12/2021 11:10,47.739133
9/12/2021 11:15,46.579713
9/12/2021 11:20,46.579713
9/12/2021 11:25,48.624746
9/12/2021 11:30,52.21002
9/12/2021 11:35,51.2643
9/12/2021 11:40,51.512893
9/12/2021 11:45,55.29051
9/12/2021 11:50,55.72632
9/12/2021 11:55,58.729126
9/12/2021 12:00,56.339606
9/12/2021 12:05,58.26174
9/12/2021 12:10,59.346843
9/12/2021 12:15,58.627446
9/12/2021 12:20,60.993356
9/12/2021 12:25,61.118883
9/12/2021 12:30,63.090833
9/12/2021 12:35,64.023753
9/12/2021 12:40,65.897206
9/12/2021 12:45,60.19337
9/12/2021 12:50,60.400736
9/12/2021 12:55,59.764636
9/12/2021 13:00,60.76525
9/12/2021 13:05,59.904816
9/12/2021 13:10,60.699663
9/12/2021 13:15,60.539756
9/12/2021 13:20,63.008583
9/12/2021 13:25,66.020706
9/12/2021 13:30,68.309143
9/12/2021 13:35,72.014293
9/12/2021 13:40,67.435493
9/12/2021 13:45,66.72116
9/12/2021 13:50,64.559093
9/12/2021 13:55,61.501813
9/12/2021 14:00,60.697263
9/12/2021 14:05,59.64964
9/12/2021 14:10,59.847173
9/12/2021 14:15,60.274763
9/12/2021 14:20,60.742496
9/12/2021 14:25,61.61546
9/12/2021 14:30,58.022376
9/12/2021 14:35,58.82052
9/12/2021 14:40,57.98228
9/12/2021 14:45,64.034863
9/12/2021 14:50,64.522223
9/12/2021 14:55,66.994746
9/12/2021 15:00,58.863386
9/12/2021 15:05,57.542496
9/12/2021 15:10,56.242346
9/12/2021 15:15,59.170213
9/12/2021 15:20,59.340966
9/12/2021 15:25,60.39134
9/12/2021 15:30,61.821703
9/12/2021 15:35,61.821703
9/12/2021 15:40,66.49329
9/12/2021 15:45,64.718756
9/12/2021 15:50,65.99859
9/12/2021 15:55,61.98571
9/12/2021 16:00,52.901913
9/12/2021 16:05,52.8212
9/12/2021 16:10,52.771233
9/12/2021 16:15,54.261856
9/12/2021 16:20,55.61876
9/12/2021 16:25,57.878006
9/12/2021 16:30,60.153253
9/12/2021 16:35,61.620003
9/12/2021 16:40,62.648393
9/12/2021 16:45,69.530486
9/12/2021 16:50,70.99751
9/12/2021 16:55,75.701553
9/12/2021 17:00,51.694826
9/12/2021 17:05,52.715406
9/12/2021 17:10,53.06065
9/12/2021 17:15,55.791796
9/12/2021 17:20,59.505103
9/12/2021 17:25,63.634343
9/12/2021 17:30,64.81577
9/12/2021 17:35,67.739966
9/12/2021 17:40,79.751733
9/12/2021 17:45,80.370213
9/12/2021 17:50,98.357413
9/12/2021 17:55,104.951903
9/12/2021 18:00,66.196336
9/12/2021 18:05,66.78782
9/12/2021 18:10,73.995963
9/12/2021 18:15,78.602446
9/12/2021 18:20,87.10625
9/12/2021 18:25,92.639876
9/12/2021 18:30,89.4872
9/12/2021 18:35,89.4872
9/12/2021 18:40,89.4872
9/12/2021 18:45,89.59149
9/12/2021 18:50,89.59149
9/12/2021 18:55,79.399873
9/12/2021 19:00,76.061753
9/12/2021 19:05,69.671593
9/12/2021 19:10,68.54169
9/12/2021 19:15,66.408693
9/12/2021 19:20,66.408693
9/12/2021 19:25,66.408693
9/12/2021 19:30,63.79324
9/12/2021 19:35,61.474343
9/12/2021 19:40,61.0024
9/12/2021 19:45,59.822776
9/12/2021 19:50,59.73284
9/12/2021 19:55,57.420326
9/12/2021 20:00,64.055223
9/12/2021 20:05,64.055223
9/12/2021 20:10,62.007643
9/12/2021 20:15,60.306113
9/12/2021 20:20,60.306113
9/12/2021 20:25,59.79746
9/12/2021 20:30,59.77532
9/12/2021 20:35,59.195033
9/12/2021 20:40,59.615403
9/12/2021 20:45,58.69197
9/12/2021 20:50,57.332966
9/12/2021 20:55,56.375613
9/12/2021 21:00,64.103713
9/12/2021 21:05,63.51683
9/12/2021 21:10,62.392096
9/12/2021 21:15,60.24785
9/12/2021 21:20,60.24785
9/12/2021 21:25,60.439506
9/12/2021 21:30,60.29056
9/12/2021 21:35,60.73539
9/12/2021 21:40,57.26903
9/12/2021 21:45,56.44022
9/12/2021 21:50,54.995693
9/12/2021 21:55,55.003906
9/12/2021 22:00,58.417893
9/12/2021 22:05,58.849643
9/12/2021 22:10,58.76633
9/12/2021 22:15,55.135703
9/12/2021 22:20,55.27033
9/12/2021 22:25,54.61177
9/12/2021 22:30,53.108276
9/12/2021 22:35,52.276193
9/12/2021 22:40,52.948673
9/12/2021 22:45,52.28339
9/12/2021 22:50,51.951793
9/12/2021 22:55,50.759356
9/12/2021 23:00,53.044186
9/12/2021 23:05,53.044186
9/12/2021 23:10,53.044186
9/12/2021 23:15,51.60921
9/12/2021 23:20,51.1401
9/12/2021 23:25,49.929593
9/12/2021 23:30,48.811173
9/12/2021 23:35,48.487996
9/12/2021 23:40,48.69727
9/12/2021 23:45,47.794336
9/12/2021 23:50,47.125833
9/12/2021 23:55,45.845943
10/1/2021 0:00,57.548843
10/1/2021 0:05,55.98057
10/1/2021 0:10,55.46448
10/1/2021 0:15,52.486263
10/1/2021 0:20,52.222643
10/1/2021 0:25,52.827243
10/1/2021 0:30,52.98198
10/1/2021 0:35,52.98198
10/1/2021 0:40,52.98198
10/1/2021 0:45,52.73115
10/1/2021 0:50,52.57548
10/1/2021 0:55,52.278933
10/1/2021 1:00,53.273336
10/1/2021 1:05,53.909696
10/1/2021 1:10,53.67672
10/1/2021 1:15,53.86034
10/1/2021 1:20,53.591926
10/1/2021 1:35,64.498463
10/1/2021 1:40,64.498463
10/1/2021 1:45,63.89076
10/1/2021 1:50,60.59109
10/1/2021 1:55,60.054413
10/1/2021 2:00,57.4873
10/1/2021 2:05,56.110993
10/1/2021 2:10,57.168836
10/1/2021 2:15,55.655436
10/1/2021 2:20,55.20247
10/1/2021 2:25,56.525633
10/1/2021 2:30,56.350323
10/1/2021 2:35,55.934713
10/1/2021 2:40,55.873446
10/1/2021 2:45,58.074223
10/1/2021 2:50,57.740476
10/1/2021 2:55,58.675713
10/1/2021 3:00,57.54353
10/1/2021 3:05,57.999313
10/1/2021 3:10,56.988316
10/1/2021 3:15,56.348996
10/1/2021 3:20,56.094173
10/1/2021 3:25,56.461436
10/1/2021 3:30,55.648656
10/1/2021 3:35,55.231353
10/1/2021 3:40,55.2822
10/1/2021 3:45,55.915753
10/1/2021 3:50,54.868463
10/1/2021 3:55,55.69441
10/1/2021 4:00,54.78048
10/1/2021 4:05,54.41402
10/1/2021 4:10,55.163066
10/1/2021 4:15,55.251406
10/1/2021 4:20,59.2834
10/1/2021 4:25,57.079393
10/1/2021 4:30,56.804386
10/1/2021 4:35,56.795843
10/1/2021 4:40,57.327256
10/1/2021 4:45,59.781586
10/1/2021 4:50,58.333943
10/1/2021 4:55,55.149953
10/1/2021 5:00,55.948596
10/1/2021 5:05,55.7786
10/1/2021 5:10,56.109246
10/1/2021 5:15,53.487703
10/1/2021 5:20,54.03348
10/1/2021 5:25,64.07715
10/1/2021 5:30,64.814183
10/1/2021 5:35,72.520066
10/1/2021 5:40,76.26123
10/1/2021 5:45,76.614533
10/1/2021 5:50,78.029426
10/1/2021 5:55,75.461046
10/1/2021 6:00,65.31901
10/1/2021 6:05,57.13319
10/1/2021 6:10,58.18878
10/1/2021 6:15,58.217996
10/1/2021 6:20,63.470423
10/1/2021 6:25,71.49201
10/1/2021 6:30,65.336733
10/1/2021 6:35,68.7643
10/1/2021 6:40,68.81062
10/1/2021 6:45,75.208626
10/1/2021 6:50,76.84807
10/1/2021 6:55,76.378216
10/1/2021 7:00,76.63666
10/1/2021 7:05,75.6429
10/1/2021 7:10,60.56264
10/1/2021 7:15,57.32071
10/1/2021 7:20,55.76252
10/1/2021 7:25,53.94337
10/1/2021 7:30,53.459113
10/1/2021 7:35,53.109106
10/1/2021 7:40,52.09937
10/1/2021 7:45,50.108146
10/1/2021 7:50,48.868
10/1/2021 7:55,49.381246
10/1/2021 8:00,56.28447
10/1/2021 8:05,57.815113
10/1/2021 8:10,57.734723
10/1/2021 8:15,55.397786
10/1/2021 8:20,50.44751
10/1/2021 8:25,48.617046
10/1/2021 8:30,44.747983
10/1/2021 8:35,36.588366
10/1/2021 8:40,27.473083
10/1/2021 8:45,28.543063
10/1/2021 8:50,27.966663
10/1/2021 8:55,25.22617
10/1/2021 9:00,35.217923
10/1/2021 9:05,37.60309
10/1/2021 9:10,33.438946
10/1/2021 9:15,39.95681
10/1/2021 9:20,43.23451
10/1/2021 9:25,43.48644
10/1/2021 9:30,40.563603
10/1/2021 9:35,40.303436
10/1/2021 9:40,31.013993
10/1/2021 9:45,34.962433
10/1/2021 9:50,27.736443
10/1/2021 9:55,24.706776
10/1/2021 10:00,40.216263
10/1/2021 10:05,42.587336
10/1/2021 10:10,42.13211
10/1/2021 10:15,42.548746
10/1/2021 10:20,42.275583
10/1/2021 10:25,42.275583
10/1/2021 10:30,42.898286
10/1/2021 10:35,42.72784
10/1/2021 10:40,42.75325
10/1/2021 10:45,46.034983
10/1/2021 10:50,44.59899
10/1/2021 10:55,43.547946
10/1/2021 11:00,48.26711
10/1/2021 11:05,46.339356
10/1/2021 11:10,46.99456
10/1/2021 11:15,46.09789
10/1/2021 11:20,47.52468
10/1/2021 11:25,47.594306
10/1/2021 11:30,47.95632
10/1/2021 11:35,48.293873
10/1/2021 11:40,48.683376
10/1/2021 11:45,49.701823
10/1/2021 11:50,49.269433
10/1/2021 11:55,49.799736
10/1/2021 12:00,51.12229
10/1/2021 12:05,50.197226
10/1/2021 12:10,51.64061
10/1/2021 12:15,53.98243
10/1/2021 12:20,52.630866
10/1/2021 12:25,52.58293
10/1/2021 12:30,48.70095
10/1/2021 12:35,49.335243
10/1/2021 12:40,49.800506
10/1/2021 12:45,48.825976
10/1/2021 12:50,49.667903
10/1/2021 12:55,49.188833
10/1/2021 13:00,47.650806
10/1/2021 13:05,49.064686
10/1/2021 13:10,47.87463
10/1/2021 13:15,48.384793
10/1/2021 13:20,51.838506
10/1/2021 13:25,51.77517
10/1/2021 13:30,52.96319
10/1/2021 13:35,54.65219
10/1/2021 13:40,324.619153
10/1/2021 13:45,58.987933
10/1/2021 13:50,59.538233
10/1/2021 13:55,53.314036
10/1/2021 14:00,324.63154
10/1/2021 14:05,273.342766
10/1/2021 14:10,264.434016
10/1/2021 14:15,131.85187
10/1/2021 14:20,35.055463
10/1/2021 14:25,28.357353
10/1/2021 14:30,29.98867
10/1/2021 14:35,36.910263
10/1/2021 14:40,38.67544
10/1/2021 14:45,46.79249
10/1/2021 14:50,47.124853
10/1/2021 14:55,45.483816
10/1/2021 15:00,41.787833
10/1/2021 15:05,42.777193
10/1/2021 15:10,47.96845
10/1/2021 15:15,51.813253
10/1/2021 15:20,55.035713
10/1/2021 15:25,55.52676
10/1/2021 15:30,53.855443
10/1/2021 15:35,55.899666
10/1/2021 15:40,56.400906
10/1/2021 15:45,57.61472
10/1/2021 15:50,57.035653
10/1/2021 15:55,59.531053
10/1/2021 16:00,46.895833
10/1/2021 16:05,46.596886
10/1/2021 16:10,46.25121
10/1/2021 16:15,48.056516
10/1/2021 16:20,52.33225
10/1/2021 16:25,55.011093
10/1/2021 16:30,56.78923
10/1/2021 16:35,61.83497
10/1/2021 16:40,63.89312
10/1/2021 16:45,71.155066
10/1/2021 16:50,77.83823
10/1/2021 16:55,78.917263
10/1/2021 17:00,52.47813
10/1/2021 17:05,54.746593
10/1/2021 17:10,55.772623
10/1/2021 17:15,63.438556
10/1/2021 17:20,68.748336
10/1/2021 17:25,80.174623
10/1/2021 17:30,72.863746
10/1/2021 17:35,79.859163
10/1/2021 17:40,88.99964
10/1/2021 17:45,87.931696
10/1/2021 17:50,92.984816
10/1/2021 17:55,133.068206
10/1/2021 18:00,69.04544
10/1/2021 18:05,68.902176
10/1/2021 18:10,72.667613
10/1/2021 18:15,71.614113
10/1/2021 18:20,70.937656
10/1/2021 18:25,70.937656
10/1/2021 18:30,65.925066
10/1/2021 18:35,65.924866
10/1/2021 18:40,65.572403
10/1/2021 18:45,64.957946
10/1/2021 18:50,63.975653
10/1/2021 18:55,63.643063
10/1/2021 19:00,64.77378
10/1/2021 19:05,64.387596
10/1/2021 19:10,62.67065
10/1/2021 19:15,63.598913
10/1/2021 19:20,63.814856
10/1/2021 19:25,63.814856
10/1/2021 19:30,63.445176
10/1/2021 19:35,63.859303
10/1/2021 19:40,64.164803
10/1/2021 19:45,64.320146
10/1/2021 19:50,63.458033
10/1/2021 19:55,61.707696
10/1/2021 20:00,68.751003
10/1/2021 20:05,64.88003
10/1/2021 20:10,63.944636
10/1/2021 20:15,66.259483
10/1/2021 20:20,64.421643
10/1/2021 20:25,62.233663
10/1/2021 20:30,65.090916
10/1/2021 20:35,63.604076
10/1/2021 20:40,63.262623
10/1/2021 20:45,63.10462
10/1/2021 20:50,63.071913
10/1/2021 20:55,62.748766
10/1/2021 21:00,72.76566
10/1/2021 21:05,70.76847
10/1/2021 21:10,70.288896
10/1/2021 21:15,70.80877
10/1/2021 21:20,68.83148
10/1/2021 21:25,72.66793
10/1/2021 21:30,70.937896
10/1/2021 21:35,69.05665
10/1/2021 21:40,65.05259
10/1/2021 21:45,65.25254
10/1/2021 21:50,63.571446
10/1/2021 21:55,67.58632
10/1/2021 22:00,76.985686
10/1/2021 22:05,79.695296
10/1/2021 22:10,77.516703
10/1/2021 22:15,77.365336
10/1/2021 22:20,86.74903
10/1/2021 22:25,78.547943
10/1/2021 22:30,80.118336
10/1/2021 22:35,72.291693
10/1/2021 22:40,64.72854
10/1/2021 22:45,61.75859
10/1/2021 22:50,60.79663
10/1/2021 22:55,61.645963
10/1/2021 23:00,63.719743
10/1/2021 23:05,64.0576
10/1/2021 23:10,61.7033
10/1/2021 23:15,61.007353
10/1/2021 23:20,61.1865
10/1/2021 23:25,60.40319
10/1/2021 23:30,57.622683
10/1/2021 23:35,56.67574
10/1/2021 23:40,54.81795
10/1/2021 23:45,54.024343
10/1/2021 23:50,53.747366
10/1/2021 23:55,53.747366
